date,1. open,2. high,3. low,4. close,5. adjusted close,6. volume,7. dividend amount,8. split coefficient
2013-01-02,34.92,35.4,34.1,35.12,28.8657,13767900.0,0.0,1.0
2013-01-03,35.0,35.0,34.16,34.83,28.6273,16739300.0,0.0,1.0
2013-01-04,34.62,34.89,34.25,34.3908,28.2664,21372100.0,0.0,1.0
2013-01-07,34.15,35.45,34.15,34.46,28.3232,17897100.0,0.0,1.0
2013-01-08,34.29,34.64,33.36,33.71,27.7068,17863300.0,0.0,1.0
2013-01-09,33.61,33.95,33.61,33.9,27.863,18800400.0,0.0,1.0
2013-01-10,33.66,34.0,33.33,34.0,27.9452,15658100.0,0.0,1.0
2013-01-11,33.59,33.9,33.35,33.85,28.1506,11191500.0,0.4,1.0
2013-01-14,34.01,34.25,33.8,34.09,28.3502,11584900.0,0.0,1.0
2013-01-15,33.71,34.72,33.71,34.6,28.7744,13040200.0,0.0,1.0
2013-01-16,34.47,35.54,34.45,35.54,29.5561,16512700.0,0.0,1.0
2013-01-17,35.75,36.7,35.75,36.42,30.2879,14424800.0,0.0,1.0
2013-01-18,36.43,37.32,36.04,37.32,31.0364,17842200.0,0.0,1.0
2013-01-22,36.98,37.25,35.93,36.42,30.2879,15809700.0,0.0,1.0
2013-01-23,36.91,37.84,36.5,37.8,31.4356,10981600.0,0.0,1.0
2013-01-24,37.79,38.52,37.23,37.46,31.1528,11327100.0,0.0,1.0
2013-01-25,37.52,37.84,36.64,37.6,31.2692,8934600.0,0.0,1.0
2013-01-28,37.65,37.87,36.71,36.89,30.6788,7140100.0,0.0,1.0
2013-01-29,36.71,37.46,36.25,37.31,31.0281,8838500.0,0.0,1.0
2013-01-30,36.81,37.525,36.81,36.93,30.712,10841800.0,0.0,1.0
2013-01-31,36.84,36.93,36.27,36.69,30.5125,10720700.0,0.0,1.0
2013-02-01,36.84,37.2,36.52,37.18,30.92,9527500.0,0.0,1.0
2013-02-04,36.64,37.3,36.55,37.28,31.0031,6348000.0,0.0,1.0
2013-02-05,37.42,37.73,37.18,37.2,30.9366,7284400.0,0.0,1.0
2013-02-06,36.96,37.28,36.86,37.14,30.8867,5738900.0,0.0,1.0
2013-02-07,37.57,37.57,35.8,36.42,30.2879,9872500.0,0.0,1.0
2013-02-08,36.37,36.42,35.825,36.25,30.1465,13858700.0,0.0,1.0
2013-02-11,36.13,36.18,35.75,35.85,29.8139,6032100.0,0.0,1.0
2013-02-12,35.77,35.9,35.2,35.42,29.4563,7473800.0,0.0,1.0
2013-02-13,35.42,35.57,35.15,35.27,29.3315,4859800.0,0.0,1.0
2013-02-14,35.05,36.73,35.01,36.57,30.4127,7570100.0,0.0,1.0
2013-02-15,36.93,37.81,36.93,37.58,31.2526,13296300.0,0.0,1.0
2013-02-19,37.54,38.33,37.11,38.19,31.7599,8292700.0,0.0,1.0
2013-02-20,38.16,39.13,37.61,38.61,32.1092,8096400.0,0.0,1.0
2013-02-21,38.49,39.025,38.19,38.78,32.2506,7260900.0,0.0,1.0
2013-02-22,38.79,38.85,38.14,38.46,31.9844,4490400.0,0.0,1.0
2013-02-25,38.54,38.61,37.37,37.37,31.078,4665600.0,0.0,1.0
2013-02-26,37.6,37.6,36.96,37.09,30.8451,4463000.0,0.0,1.0
2013-02-27,36.97,36.98,36.4,36.73,30.5457,12238400.0,0.0,1.0
2013-02-28,36.66,37.14,36.5,36.92,30.7037,10321000.0,0.0,1.0
2013-03-01,36.8,38.07,36.551,37.81,31.4439,8929400.0,0.0,1.0
2013-03-04,37.53,38.25,37.53,38.24,31.8015,5420800.0,0.0,1.0
2013-03-05,38.45,38.57,37.29,37.51,31.1944,6650400.0,0.0,1.0
2013-03-06,37.56,37.86,37.37,37.74,31.3857,5489500.0,0.0,1.0
2013-03-07,37.65,38.01,37.44,37.49,31.1778,4442500.0,0.0,1.0
2013-03-08,37.64,37.65,37.16,37.34,31.053,4114500.0,0.0,1.0
2013-03-11,37.25,38.15,37.08,37.67,31.3275,4614400.0,0.0,1.0
2013-03-12,37.7,38.3,37.05,37.17,30.9116,6523900.0,0.0,1.0
2013-03-13,37.2,37.5899,37.04,37.17,30.9116,3710600.0,0.0,1.0
2013-03-14,37.43,37.59,36.86,37.56,31.236,9859700.0,0.0,1.0
2013-03-15,37.44,38.54,37.28,38.5,32.0177,12208300.0,0.0,1.0
2013-03-18,38.05,38.49,37.99,38.16,31.735,5178700.0,0.0,1.0
2013-03-19,38.25,38.4,37.84,38.36,31.9013,5108400.0,0.0,1.0
2013-03-20,38.5,39.19,38.41,39.06,32.4834,7072900.0,0.0,1.0
2013-03-21,38.82,38.97,38.48,38.49,32.0094,4736100.0,0.0,1.0
2013-03-22,38.57,38.97,38.3,38.97,32.4086,3323400.0,0.0,1.0
2013-03-25,39.12,39.52,38.93,39.32,32.6996,6065000.0,0.0,1.0
2013-03-26,39.57,40.52,39.57,40.21,33.4398,7249500.0,0.0,1.0
2013-03-27,40.22,40.29,39.66,40.15,33.3899,4274800.0,0.0,1.0
2013-03-28,40.26,40.8,39.775,40.78,33.9138,7263400.0,0.0,1.0
2013-04-01,39.96,41.14,39.96,41.12,34.1966,5740000.0,0.0,1.0
2013-04-02,41.22,41.22,40.52,40.71,33.8556,5510700.0,0.0,1.0
2013-04-03,40.75,41.45,40.35,40.57,33.7392,4122100.0,0.0,1.0
2013-04-04,40.77,41.78,40.624,41.6,34.5958,20687600.0,0.0,1.0
2013-04-05,41.31,41.5,41.09,41.31,34.3546,14089800.0,0.0,1.0
2013-04-08,41.27,41.87,41.07,41.77,34.7371,16449200.0,0.0,1.0
2013-04-09,41.96,43.56,41.8,42.55,35.3858,8673900.0,0.0,1.0
2013-04-10,42.65,43.77,42.5,43.62,36.2756,7809200.0,0.0,1.0
2013-04-11,43.42,43.705,43.11,43.2,36.259,6494100.0,0.4,1.0
2013-04-12,42.97,43.29,42.62,43.09,36.1667,4199800.0,0.0,1.0
2013-04-15,42.87,43.03,41.41,41.44,34.7818,7152500.0,0.0,1.0
2013-04-16,41.67,42.53,41.13,42.45,35.6295,6998000.0,0.0,1.0
2013-04-17,42.14,42.43,41.42,42.24,35.4533,5046200.0,0.0,1.0
2013-04-18,42.37,42.64,41.89,42.32,35.5204,5009000.0,0.0,1.0
2013-04-19,42.51,42.58,42.2,42.39,35.5792,6493200.0,0.0,1.0
2013-04-22,43.0,44.83,42.88,44.2,37.0983,8531300.0,0.0,1.0
2013-04-23,44.61,46.32,44.4,45.14,37.8873,9378100.0,0.0,1.0
2013-04-24,45.14,45.34,43.94,44.32,37.1991,5541300.0,0.0,1.0
2013-04-25,44.75,44.7899,43.76,44.24,37.1319,5236900.0,0.0,1.0
2013-04-26,44.95,46.31,44.75,45.84,38.4748,10096800.0,0.0,1.0
2013-04-29,45.83,45.93,45.05,45.23,37.9628,6024700.0,0.0,1.0
2013-04-30,45.05,46.23,45.01,46.05,38.6511,6798600.0,0.0,1.0
2013-05-01,45.74,46.09,45.55,45.55,38.2314,6398100.0,0.0,1.0
2013-05-02,45.68,45.68,43.86,43.99,36.9221,9649400.0,0.0,1.0
2013-05-03,44.31,44.77,43.83,44.68,37.5012,4641200.0,0.0,1.0
2013-05-06,44.95,44.95,44.15,44.59,37.4257,4085700.0,0.0,1.0
2013-05-07,44.5,45.0,44.4201,44.91,37.6943,3745600.0,0.0,1.0
2013-05-08,45.01,45.05,43.39,43.49,36.5024,6973200.0,0.0,1.0
2013-05-09,43.34,44.45,43.25,44.24,37.1319,5046900.0,0.0,1.0
2013-05-10,44.21,45.01,44.2,45.01,37.7782,4455800.0,0.0,1.0
2013-05-13,44.79,44.79,44.17,44.54,37.3837,3738400.0,0.0,1.0
2013-05-14,44.09,45.52,44.09,45.35,38.0636,5760300.0,0.0,1.0
2013-05-15,45.72,46.93,45.48,46.03,38.6343,6702500.0,0.0,1.0
2013-05-16,46.06,46.9,46.01,46.21,38.7854,4605300.0,0.0,1.0
2013-05-17,46.03,47.34,45.85,47.17,39.5911,5244800.0,0.0,1.0
2013-05-20,47.12,47.14,46.0701,46.26,38.8274,3537800.0,0.0,1.0
2013-05-21,46.19,46.96,46.17,46.54,39.0624,4708800.0,0.0,1.0
2013-05-22,46.46,48.0,45.85,46.76,39.247,5203500.0,0.0,1.0
2013-05-23,46.12,46.945,46.02,46.59,39.1043,3306200.0,0.0,1.0
2013-05-24,46.25,46.48,45.3138,45.44,38.1391,4511700.0,0.0,1.0
2013-05-28,45.89,46.04,44.7,45.39,38.0971,6181800.0,0.0,1.0
2013-05-29,44.89,45.18,43.79,43.88,36.8298,6908400.0,0.0,1.0
2013-05-30,44.07,45.12,44.07,44.55,37.3921,4852200.0,0.0,1.0
2013-05-31,44.27,44.69,42.6825,42.69,35.831,9308800.0,0.0,1.0
2013-06-03,42.88,43.58,42.75,43.36,36.3933,7176800.0,0.0,1.0
2013-06-04,43.42,44.47,43.38,43.63,36.6199,4528400.0,0.0,1.0
2013-06-05,43.49,43.9,42.69,43.04,36.1247,4801300.0,0.0,1.0
2013-06-06,43.22,43.57,42.65,43.5,36.5108,4261300.0,0.0,1.0
2013-06-07,43.72,44.27,43.5,44.0,36.9305,5463200.0,0.0,1.0
2013-06-10,44.33,44.33,43.22,43.92,36.8633,4702700.0,0.0,1.0
2013-06-11,43.31,44.05,43.05,43.59,36.5863,3574800.0,0.0,1.0
2013-06-12,43.91,44.0,42.72,42.77,35.8981,3742600.0,0.0,1.0
2013-06-13,42.42,43.2,40.1,43.15,36.217,6096500.0,0.0,1.0
2013-06-14,42.98,43.5,42.5,43.21,36.2674,4078500.0,0.0,1.0
2013-06-17,43.4,43.5,42.68,43.01,36.0995,3457700.0,0.0,1.0
2013-06-18,42.97,43.56,42.63,43.54,36.5444,3644900.0,0.0,1.0
2013-06-19,43.56,43.83,43.01,43.04,36.1247,3663300.0,0.0,1.0
2013-06-20,42.65,42.78,40.91,41.06,34.4628,7474900.0,0.0,1.0
2013-06-21,41.66,42.71,41.2,42.62,35.7722,9825700.0,0.0,1.0
2013-06-24,42.07,42.395,41.32,41.89,35.1595,6042400.0,0.0,1.0
2013-06-25,42.15,42.77,41.61,42.63,35.7806,4686900.0,0.0,1.0
2013-06-26,43.1,43.61,43.025,43.38,36.4101,4733700.0,0.0,1.0
2013-06-27,43.56,43.98,42.735,43.13,36.2003,5163900.0,0.0,1.0
2013-06-28,42.53,42.97,41.32,41.34,34.6979,10753100.0,0.0,1.0
2013-07-01,41.4,41.93,41.07,41.61,34.9245,4588200.0,0.0,1.0
2013-07-02,41.58,42.569,41.58,42.21,35.4281,4365900.0,0.0,1.0
2013-07-03,41.88,42.31,41.61,42.23,35.4449,2417500.0,0.0,1.0
2013-07-05,42.45,42.83,42.31,42.72,35.8561,2743700.0,0.0,1.0
2013-07-08,42.9,43.69,42.82,43.68,36.6619,3978300.0,0.0,1.0
2013-07-09,44.0,44.23,43.25,43.32,36.3597,3805700.0,0.0,1.0
2013-07-10,43.36,44.12,43.36,43.91,36.8549,3080100.0,0.0,1.0
2013-07-11,43.94,44.11,43.33,43.78,37.0816,4061400.0,0.4,1.0
2013-07-12,43.93,45.11,43.8,45.05,38.1572,5693900.0,0.0,1.0
2013-07-15,44.95,44.97,44.54,44.62,37.793,3265800.0,0.0,1.0
2013-07-16,44.54,44.77,43.7,43.81,37.107,3714500.0,0.0,1.0
2013-07-17,43.97,44.15,43.74,43.96,37.234,3645400.0,0.0,1.0
2013-07-18,43.96,44.56,43.81,44.32,37.5389,3043700.0,0.0,1.0
2013-07-19,44.49,44.91,44.12,44.52,37.7083,4317900.0,0.0,1.0
2013-07-22,44.3,45.1,43.8,44.97,38.0895,3810500.0,0.0,1.0
2013-07-23,44.92,45.09,44.23,44.31,37.5305,3535100.0,0.0,1.0
2013-07-24,44.28,44.37,43.39,43.64,36.963,3088100.0,0.0,1.0
2013-07-25,43.41,44.43,43.35,44.24,37.4712,4088500.0,0.0,1.0
2013-07-26,45.01,45.12,44.17,44.79,37.937,4491100.0,0.0,1.0
2013-07-29,44.72,45.45,44.47,45.06,38.1657,4326200.0,0.0,1.0
2013-07-30,45.08,45.23,44.2,44.7,37.8608,3619700.0,0.0,1.0
2013-07-31,44.84,45.91,44.81,45.48,38.5214,6020600.0,0.0,1.0
2013-08-01,45.14,45.9,45.04,45.25,38.3266,3652400.0,0.0,1.0
2013-08-02,45.11,45.42,44.81,45.32,38.3859,3190700.0,0.0,1.0
2013-08-05,45.05,45.365,44.485,44.71,37.8693,2953500.0,0.0,1.0
2013-08-06,44.42,44.99,44.42,44.88,38.0133,4980600.0,0.0,1.0
2013-08-07,44.7,44.86,44.22,44.57,37.7507,3299400.0,0.0,1.0
2013-08-08,44.86,45.18,44.61,45.06,38.1657,2892400.0,0.0,1.0
2013-08-09,44.9,45.0,44.47,44.71,37.8693,3290800.0,0.0,1.0
2013-08-12,44.71,45.2,44.39,45.04,38.1488,3826400.0,0.0,1.0
2013-08-13,45.12,45.18,44.68,44.93,38.0556,2791800.0,0.0,1.0
2013-08-14,44.85,45.23,44.45,44.58,37.7592,2990500.0,0.0,1.0
2013-08-15,44.6,44.62,43.1333,43.21,36.5988,4363100.0,0.0,1.0
2013-08-16,42.94,43.14,42.42,43.0,36.4209,6093300.0,0.0,1.0
2013-08-19,43.01,43.81,42.95,43.37,36.7343,3326900.0,0.0,1.0
2013-08-20,43.29,43.48,42.85,42.97,36.3955,2803000.0,0.0,1.0
2013-08-21,42.82,42.88,42.25,42.31,35.8365,4118800.0,0.0,1.0
2013-08-22,42.4,43.1,42.29,42.92,36.3531,4077700.0,0.0,1.0
2013-08-23,43.01,43.5,42.85,43.43,36.7851,2738100.0,0.0,1.0
2013-08-26,43.43,43.74,43.19,43.45,36.802,3493400.0,0.0,1.0
2013-08-27,43.02,43.089,42.6,42.63,36.1075,4473000.0,0.0,1.0
2013-08-28,42.53,42.808,42.35,42.56,36.0482,3009700.0,0.0,1.0
2013-08-29,42.32,43.09,42.26,42.62,36.099,2788900.0,0.0,1.0
2013-08-30,42.76,43.03,42.3,42.61,36.0906,3170700.0,0.0,1.0
2013-09-03,43.0,43.28,42.31,42.59,36.0736,2925600.0,0.0,1.0
2013-09-04,42.6,43.14,42.59,43.13,36.531,3190700.0,0.0,1.0
2013-09-05,43.03,43.66,43.0,43.51,36.8529,3355500.0,0.0,1.0
2013-09-06,43.53,44.35,42.891,43.89,37.1747,3992200.0,0.0,1.0
2013-09-09,43.88,44.44,43.5,44.43,37.6321,3287500.0,0.0,1.0
2013-09-10,44.58,44.815,44.1,44.78,37.9286,4282300.0,0.0,1.0
2013-09-11,44.81,44.97,44.39,44.95,38.0725,3441700.0,0.0,1.0
2013-09-12,44.84,44.95,44.5,44.7,37.8608,2597900.0,0.0,1.0
2013-09-13,44.71,44.89,44.43,44.89,38.0217,2273500.0,0.0,1.0
2013-09-16,45.32,45.95,45.19,45.82,38.8094,3531700.0,0.0,1.0
2013-09-17,45.92,47.695,45.86,47.6,40.3171,7293800.0,0.0,1.0
2013-09-18,47.19,48.42,46.885,47.92,40.5881,6689400.0,0.0,1.0
2013-09-19,48.21,48.23,47.31,47.4,40.1477,5326500.0,0.0,1.0
2013-09-20,47.44,48.0,47.33,47.84,40.5204,10495300.0,0.0,1.0
2013-09-23,47.56,47.56,46.93,47.1,39.8936,3179500.0,0.0,1.0
2013-09-24,46.95,46.95,45.94,45.98,38.9449,7162700.0,0.0,1.0
2013-09-25,46.09,46.16,45.02,45.33,38.3944,4571900.0,0.0,1.0
2013-09-26,45.33,45.6192,44.81,45.0,38.1149,5033900.0,0.0,1.0
2013-09-27,44.87,44.9,44.015,44.33,37.5474,6617300.0,0.0,1.0
2013-09-30,44.52,44.95,44.03,44.73,37.8862,5818400.0,0.0,1.0
2013-10-01,44.81,45.8975,44.81,45.8,38.7925,4159700.0,0.0,1.0
2013-10-02,45.34,45.97,45.12,45.95,38.9195,4056800.0,0.0,1.0
2013-10-03,45.6,46.3399,45.1,46.01,38.9704,7020800.0,0.0,1.0
2013-10-04,46.18,46.88,46.0,46.8,39.6395,4141400.0,0.0,1.0
2013-10-07,46.12,46.98,46.09,46.09,39.0381,4703700.0,0.0,1.0
2013-10-08,46.29,46.32,44.39,44.52,37.7083,7091500.0,0.0,1.0
2013-10-09,44.72,45.31,44.32,44.81,37.954,5113000.0,0.0,1.0
2013-10-10,45.1,45.68,44.51,45.68,39.0296,3967500.0,0.4,1.0
2013-10-11,45.7,45.7,44.955,45.65,39.004,2985700.0,0.0,1.0
2013-10-14,45.21,46.45,45.07,46.33,39.585,3377300.0,0.0,1.0
2013-10-15,46.05,46.38,45.75,46.08,39.3714,3533300.0,0.0,1.0
2013-10-16,46.31,47.27,46.203,47.06,40.2087,4399900.0,0.0,1.0
2013-10-17,46.95,48.32,46.95,48.17,41.1571,7242400.0,0.0,1.0
2013-10-18,48.38,48.95,47.769,48.33,41.2938,9212900.0,0.0,1.0
2013-10-21,48.08,48.55,47.76,48.35,41.3109,4713200.0,0.0,1.0
2013-10-22,48.39,49.31,48.11,49.0,41.8663,6937500.0,0.0,1.0
2013-10-23,48.76,48.86,48.28,48.33,41.2938,4130300.0,0.0,1.0
2013-10-24,48.63,48.9799,47.74,47.93,40.9521,5077900.0,0.0,1.0
2013-10-25,49.1,49.83,48.56,49.3,42.1226,6956800.0,0.0,1.0
2013-10-28,49.13,49.97,48.97,49.42,42.2252,5555000.0,0.0,1.0
2013-10-29,49.48,50.2,49.48,49.79,42.5413,5022900.0,0.0,1.0
2013-10-30,49.57,49.57,48.72,48.8,41.6954,4011600.0,0.0,1.0
2013-10-31,48.68,49.0,48.44,48.45,41.3964,4563700.0,0.0,1.0
2013-11-01,48.64,49.325,48.5,48.96,41.8321,3866900.0,0.0,1.0
2013-11-04,49.19,49.19,48.0,48.76,41.6612,4095600.0,0.0,1.0
2013-11-05,48.59,48.76,48.025,48.17,41.1571,4095400.0,0.0,1.0
2013-11-06,48.5,48.74,48.0,48.05,41.0546,4308100.0,0.0,1.0
2013-11-07,48.17,48.36,47.18,47.24,40.3625,4444900.0,0.0,1.0
2013-11-08,47.13,48.1,46.83,48.03,41.0375,5190900.0,0.0,1.0
2013-11-11,48.23,48.67,48.19,48.57,41.4989,2282900.0,0.0,1.0
2013-11-12,48.45,48.48,47.275,47.48,40.5676,5351100.0,0.0,1.0
2013-11-13,47.36,47.93,47.29,47.85,40.8837,3745100.0,0.0,1.0
2013-11-14,47.99,48.47,47.688,48.04,41.0461,3411800.0,0.0,1.0
2013-11-15,48.03,48.75,48.0,48.44,41.3878,6257100.0,0.0,1.0
2013-11-18,48.89,49.96,48.73,48.87,41.7552,8585700.0,0.0,1.0
2013-11-19,48.73,49.0,48.3699,48.46,41.4049,4050700.0,0.0,1.0
2013-11-20,48.42,48.54,47.83,47.95,40.9692,3120300.0,0.0,1.0
2013-11-21,48.28,48.67,47.99,48.57,41.4989,4459800.0,0.0,1.0
2013-11-22,48.65,49.14,48.57,48.94,41.815,5810100.0,0.0,1.0
2013-11-25,49.0,49.28,48.32,48.41,41.3622,3343200.0,0.0,1.0
2013-11-26,48.38,49.18,48.31,48.6,41.5245,4732300.0,0.0,1.0
2013-11-27,48.83,48.945,48.24,48.25,41.2255,3414900.0,0.0,1.0
2013-11-29,48.43,48.93,48.07,48.45,41.3964,4044300.0,0.0,1.0
2013-12-02,48.49,48.68,48.02,48.39,41.3451,4321900.0,0.0,1.0
2013-12-03,49.13,50.26,48.97,49.97,42.6951,9480100.0,0.0,1.0
2013-12-04,49.75,50.29,49.3001,49.67,42.4388,5309200.0,0.0,1.0
2013-12-05,49.42,50.07,49.05,49.76,42.5157,5449100.0,0.0,1.0
2013-12-06,50.17,51.5,50.05,51.35,43.8742,7285800.0,0.0,1.0
2013-12-09,51.45,51.81,50.77,51.21,43.7546,5470800.0,0.0,1.0
2013-12-10,51.245,54.13,50.72,52.14,44.5492,14906900.0,0.0,1.0
2013-12-11,52.67,53.25,52.02,52.67,45.002,10775500.0,0.0,1.0
2013-12-12,52.56,52.62,51.8,52.39,44.7628,7766400.0,0.0,1.0
2013-12-13,52.3,52.6,51.84,52.37,44.7457,6465300.0,0.0,1.0
2013-12-16,53.42,54.78,52.98,53.37,45.6001,9846300.0,0.0,1.0
2013-12-17,53.43,53.92,53.0,53.63,45.8222,7987300.0,0.0,1.0
2013-12-18,52.78,54.43,52.22,54.32,46.4118,9635600.0,0.0,1.0
2013-12-19,53.21,53.21,52.02,52.63,44.9678,8383400.0,0.0,1.0
2013-12-20,52.77,53.01,52.29,52.59,44.9337,12471800.0,0.0,1.0
2013-12-23,52.73,52.935,52.24,52.58,44.9251,4957700.0,0.0,1.0
2013-12-24,52.78,52.79,52.275,52.36,44.7371,1747000.0,0.0,1.0
2013-12-26,52.59,53.06,52.34,52.99,45.2754,2401500.0,0.0,1.0
2013-12-27,52.92,53.05,52.38,52.55,44.8995,2354100.0,0.0,1.0
2013-12-30,52.73,53.03,52.6,53.01,45.2925,2898800.0,0.0,1.0
2013-12-31,52.99,53.06,52.36,52.81,45.1216,3019700.0,0.0,1.0
2014-01-02,52.12,52.33,51.52,51.98,44.4125,4569100.0,0.0,1.0
2014-01-03,52.25,52.665,51.9675,52.3,44.6859,4794300.0,0.0,1.0
2014-01-06,52.7,52.7,50.03,50.39,43.0539,11871100.0,0.0,1.0
2014-01-07,50.84,51.21,50.3,50.49,43.1394,9719900.0,0.0,1.0
2014-01-08,50.63,51.11,50.235,50.36,43.0283,6811100.0,0.0,1.0
2014-01-09,50.59,51.65,49.87,51.22,43.7631,6960300.0,0.0,1.0
2014-01-10,51.27,51.49,50.76,50.9,43.4897,5517700.0,0.0,1.0
2014-01-13,50.66,50.74,49.64,49.83,42.9172,7055200.0,0.4,1.0
2014-01-14,49.94,50.88,49.63,50.6,43.5804,6610800.0,0.0,1.0
2014-01-15,50.65,50.67,50.07,50.11,43.1584,4728400.0,0.0,1.0
2014-01-16,50.1,50.62,50.02,50.5,43.4943,4972300.0,0.0,1.0
2014-01-17,50.64,50.66,50.01,50.06,43.1153,8606800.0,0.0,1.0
2014-01-21,50.26,50.92,49.91,50.0,43.0637,5823000.0,0.0,1.0
2014-01-22,49.98,50.0,48.62,49.08,42.2713,8181700.0,0.0,1.0
2014-01-23,48.74,49.06,48.39,48.87,42.0904,7270500.0,0.0,1.0
2014-01-24,48.42,49.1,47.77,47.79,41.1602,9197900.0,0.0,1.0
2014-01-27,47.79,47.83,46.42,46.83,40.3334,10749800.0,0.0,1.0
2014-01-28,47.08,48.47,47.08,47.69,41.0741,12298600.0,0.0,1.0
2014-01-29,47.15,47.84,46.9801,47.61,41.0052,7608500.0,0.0,1.0
2014-01-30,47.97,48.88,47.9,48.31,41.6081,7669500.0,0.0,1.0
2014-01-31,49.94,50.55,49.07,49.23,42.4005,12863500.0,0.0,1.0
2014-02-03,49.4,49.49,47.06,47.35,40.7813,10314600.0,0.0,1.0
2014-02-04,47.18,47.97,46.95,47.95,41.298,9606100.0,0.0,1.0
2014-02-05,47.76,48.07,47.155,47.73,41.1086,6987100.0,0.0,1.0
2014-02-06,47.89,48.18,47.45,47.93,41.2808,4957800.0,0.0,1.0
2014-02-07,48.0,49.025,47.66,48.89,42.1076,6979500.0,0.0,1.0
2014-02-10,48.75,50.19,48.72,49.55,42.6761,7907500.0,0.0,1.0
2014-02-11,49.41,49.9675,49.04,49.66,42.7708,7217600.0,0.0,1.0
2014-02-12,49.63,50.93,49.59,50.56,43.546,6534500.0,0.0,1.0
2014-02-13,50.3,50.52,49.88,50.35,43.3651,4946000.0,0.0,1.0
2014-02-14,50.56,50.91,50.17,50.73,43.6924,4118700.0,0.0,1.0
2014-02-18,50.64,51.56,50.56,51.46,44.3211,4984900.0,0.0,1.0
2014-02-19,51.17,51.86,50.64,51.19,44.0886,5242800.0,0.0,1.0
2014-02-20,51.19,52.11,50.73,51.86,44.6656,6078900.0,0.0,1.0
2014-02-21,51.82,51.97,51.01,51.04,43.9594,5842700.0,0.0,1.0
2014-02-24,51.01,51.56,50.83,50.85,43.7957,5693000.0,0.0,1.0
2014-02-25,50.93,51.13,50.5,50.72,43.6838,5425000.0,0.0,1.0
2014-02-26,49.95,50.97,49.93,50.74,43.701,5710700.0,0.0,1.0
2014-02-27,50.6,50.92,50.47,50.91,43.8474,5052900.0,0.0,1.0
2014-02-28,50.84,51.96,50.51,50.91,43.8474,7095600.0,0.0,1.0
2014-03-03,50.34,50.86,49.79,50.09,43.1412,6817700.0,0.0,1.0
2014-03-04,50.73,51.725,50.53,51.59,44.4331,6198000.0,0.0,1.0
2014-03-05,51.68,52.12,51.3,51.7,44.5278,5251100.0,0.0,1.0
2014-03-06,52.04,52.77,51.97,52.04,44.8206,6529000.0,0.0,1.0
2014-03-07,52.25,52.5,51.01,51.46,44.3211,5860700.0,0.0,1.0
2014-03-10,51.9,51.9,50.86,51.66,44.4934,3086000.0,0.0,1.0
2014-03-11,51.68,52.139,51.5,51.75,44.5709,3629800.0,0.0,1.0
2014-03-12,51.46,51.74,51.07,51.64,44.4761,3924800.0,0.0,1.0
2014-03-13,51.89,52.1,51.14,51.32,44.2005,4839400.0,0.0,1.0
2014-03-14,51.25,51.42,50.8,51.21,44.1058,5466700.0,0.0,1.0
2014-03-17,51.47,52.19,51.26,51.98,44.769,3875500.0,0.0,1.0
2014-03-18,52.08,53.22,51.97,53.1,45.7336,4712300.0,0.0,1.0
2014-03-19,53.09,53.53,52.44,53.11,45.7422,6408600.0,0.0,1.0
2014-03-20,52.86,53.8,52.52,53.68,46.2331,6922700.0,0.0,1.0
2014-03-21,54.22,54.73,53.09,53.46,46.0437,12930500.0,0.0,1.0
2014-03-24,53.53,53.62,51.35,51.36,44.235,10161400.0,0.0,1.0
2014-03-25,51.68,52.1,51.495,51.69,44.5192,6127200.0,0.0,1.0
2014-03-26,52.0,52.34,51.46,51.5,44.3556,5684900.0,0.0,1.0
2014-03-27,51.53,51.84,51.43,51.66,44.4934,4778000.0,0.0,1.0
2014-03-28,51.83,52.13,50.89,50.98,43.9077,4208300.0,0.0,1.0
2014-03-31,51.34,51.7,50.95,51.4,44.2694,4813100.0,0.0,1.0
2014-04-01,51.62,52.38,51.54,52.1,44.8723,4250800.0,0.0,1.0
2014-04-02,52.1,53.41,51.99,53.34,45.9403,6007200.0,0.0,1.0
2014-04-03,53.35,53.83,53.205,53.5,46.0781,6841400.0,0.0,1.0
2014-04-04,53.78,54.44,52.05,52.2,44.9585,7013200.0,0.0,1.0
2014-04-07,51.68,52.31,49.65,50.62,43.5976,9146600.0,0.0,1.0
2014-04-08,50.35,50.87,48.93,49.1,42.2885,8246900.0,0.0,1.0
2014-04-09,49.49,50.76,49.26,50.63,43.6063,6018200.0,0.0,1.0
2014-04-10,50.08,50.27,47.29,47.35,40.7813,13177200.0,0.0,1.0
2014-04-11,46.58,47.21,45.5,46.46,40.3765,11465800.0,0.42,1.0
2014-04-14,47.1,47.5,46.205,46.83,40.698,7290800.0,0.0,1.0
2014-04-15,47.42,48.085,46.764,47.86,41.5932,9531100.0,0.0,1.0
2014-04-16,48.58,48.84,47.62,48.12,41.8191,7151000.0,0.0,1.0
2014-04-17,47.92,48.78,47.72,48.55,42.1928,6196800.0,0.0,1.0
2014-04-21,48.5,49.45,48.4,49.43,42.9576,4445000.0,0.0,1.0
2014-04-22,49.49,50.42,49.35,50.01,43.4616,6613200.0,0.0,1.0
2014-04-23,50.14,50.26,49.39,50.14,43.5746,6578300.0,0.0,1.0
2014-04-24,50.13,50.13,49.0,49.32,42.862,6628800.0,0.0,1.0
2014-04-25,50.21,50.98,48.95,49.14,42.7056,7289100.0,0.0,1.0
2014-04-28,49.55,50.92,49.5,50.87,44.209,7932200.0,0.0,1.0
2014-04-29,50.94,51.527,50.76,51.37,44.6436,5601300.0,0.0,1.0
2014-04-30,51.38,52.165,51.0,52.08,45.2606,7430600.0,0.0,1.0
2014-05-01,51.89,52.095,51.41,51.61,44.8521,4279800.0,0.0,1.0
2014-05-02,51.41,51.72,51.0,51.18,44.4784,3341300.0,0.0,1.0
2014-05-05,50.99,51.37,50.31,51.36,44.6349,2580300.0,0.0,1.0
2014-05-06,51.2,51.3,50.83,50.91,44.2438,3353200.0,0.0,1.0
2014-05-07,52.38,52.87,51.2749,52.79,45.8776,7022600.0,0.0,1.0
2014-05-08,52.69,53.09,51.96,52.15,45.3214,4092100.0,0.0,1.0
2014-05-09,52.07,52.345,51.08,52.26,45.417,5012500.0,0.0,1.0
2014-05-12,52.36,52.56,52.22,52.37,45.5126,3626400.0,0.0,1.0
2014-05-13,52.45,52.5,51.92,52.2,45.3649,4145200.0,0.0,1.0
2014-05-14,52.23,53.0,52.08,52.87,45.9471,4878400.0,0.0,1.0
2014-05-15,52.96,53.07,52.42,52.69,45.7907,6963800.0,0.0,1.0
2014-05-16,52.65,52.97,52.41,52.93,45.9993,5826200.0,0.0,1.0
2014-05-19,52.84,54.21,52.71,54.11,47.0248,6010500.0,0.0,1.0
2014-05-20,53.86,53.93,53.31,53.54,46.5294,5021200.0,0.0,1.0
2014-05-21,53.5,53.84,53.0998,53.27,46.2948,4088000.0,0.0,1.0
2014-05-22,53.29,54.34,52.94,53.63,46.6076,4486400.0,0.0,1.0
2014-05-23,53.94,54.38,53.835,53.95,46.8857,3023500.0,0.0,1.0
2014-05-27,54.2,54.2,53.78,53.99,46.9205,3816300.0,0.0,1.0
2014-05-28,53.96,54.61,53.82,54.07,46.99,4108300.0,0.0,1.0
2014-05-29,54.1,54.45,53.75,54.03,46.9553,2768600.0,0.0,1.0
2014-05-30,53.98,54.43,53.89,54.33,47.216,4025600.0,0.0,1.0
2014-06-02,54.43,54.95,53.91,54.15,47.0595,3635000.0,0.0,1.0
2014-06-03,54.06,54.47,53.87,54.37,47.2507,3078000.0,0.0,1.0
2014-06-04,53.92,54.64,53.67,54.58,47.4332,3388200.0,0.0,1.0
2014-06-05,54.55,55.32,54.36,55.3,48.059,4847300.0,0.0,1.0
2014-06-06,55.32,55.4,54.89,55.1,47.8851,3449800.0,0.0,1.0
2014-06-09,54.42,54.88,53.722,53.84,46.7901,6297500.0,0.0,1.0
2014-06-10,53.14,54.08,52.29,53.97,46.9031,8414700.0,0.0,1.0
2014-06-11,53.85,54.7,53.75,54.23,47.1291,5386800.0,0.0,1.0
2014-06-12,54.22,54.25,53.46,53.66,46.6337,3941600.0,0.0,1.0
2014-06-13,53.67,54.31,53.44,54.16,47.0682,4413000.0,0.0,1.0
2014-06-16,54.18,54.31,53.45,54.0,46.9292,4410400.0,0.0,1.0
2014-06-17,54.49,54.54,53.85,54.3,47.1899,3385000.0,0.0,1.0
2014-06-18,54.27,54.61,54.0,54.57,47.4245,3337300.0,0.0,1.0
2014-06-19,54.14,54.81,53.92,54.19,47.0943,3952800.0,0.0,1.0
2014-06-20,55.62,55.62,53.16,53.3,46.3208,13457700.0,0.0,1.0
2014-06-23,53.76,54.4,53.54,53.75,46.7119,6235600.0,0.0,1.0
2014-06-24,53.74,53.95,53.43,53.59,46.5729,5483500.0,0.0,1.0
2014-06-25,53.52,55.79,53.4,55.0,47.7982,11085100.0,0.0,1.0
2014-06-26,55.07,56.54,54.97,56.51,49.1105,10716400.0,0.0,1.0
2014-06-27,56.58,56.9,56.28,56.79,49.3539,7490800.0,0.0,1.0
2014-06-30,56.51,56.89,56.1001,56.44,49.0497,6477200.0,0.0,1.0
2014-07-01,56.42,57.2,56.17,56.89,49.4408,6869800.0,0.0,1.0
2014-07-02,57.46,58.11,56.92,58.11,50.501,6198500.0,0.0,1.0
2014-07-03,57.9,58.27,57.65,58.22,50.5966,3828900.0,0.0,1.0
2014-07-07,57.91,58.15,57.39,57.4,49.884,4736300.0,0.0,1.0
2014-07-08,56.68,56.97,55.48,55.69,48.3979,9297300.0,0.0,1.0
2014-07-09,55.56,55.64,54.82,55.01,47.8069,11516300.0,0.0,1.0
2014-07-10,54.5,55.875,54.28,55.79,48.4848,7553100.0,0.0,1.0
2014-07-11,55.34,56.6,54.48,54.96,48.1285,13586800.0,0.42,1.0
2014-07-14,53.89,55.05,53.72,54.85,48.0322,30823300.0,0.0,1.0
2014-07-15,54.52,54.69,53.39,53.44,46.7974,16796400.0,0.0,1.0
2014-07-16,53.25,53.67,51.82,53.65,46.9813,23315900.0,0.0,1.0
2014-07-17,53.21,54.9995,52.88,53.52,46.8675,18699000.0,0.0,1.0
2014-07-18,53.0,55.12,53.0,54.91,48.0847,42456000.0,0.0,1.0
2014-07-21,54.14,54.45,53.91,54.0,47.2878,22334900.0,0.0,1.0
2014-07-22,53.82,54.38,53.75,54.05,47.3316,14724300.0,0.0,1.0
2014-07-23,54.48,54.8126,54.07,54.48,47.7081,15011300.0,0.0,1.0
2014-07-24,54.22,54.56,53.97,54.08,47.3579,11712800.0,0.0,1.0
2014-07-25,54.4,54.49,53.03,53.18,46.5697,11680900.0,0.0,1.0
2014-07-28,53.42,53.995,53.1701,53.74,47.0601,10466000.0,0.0,1.0
2014-07-29,53.55,53.66,53.24,53.43,46.7887,16171500.0,0.0,1.0
2014-07-30,53.28,53.885,53.03,53.75,47.0689,12680100.0,0.0,1.0
2014-07-31,53.13,53.4,52.3,52.34,45.8341,15479900.0,0.0,1.0
2014-08-01,52.03,52.64,51.75,52.48,45.9567,11593200.0,0.0,1.0
2014-08-04,52.58,53.4,52.37,53.29,46.6661,10456300.0,0.0,1.0
2014-08-05,52.77,53.19,52.4466,52.79,46.2282,12783800.0,0.0,1.0
2014-08-06,51.48,52.66,51.37,52.05,45.5802,18126200.0,0.0,1.0
2014-08-07,51.59,52.71,51.42,52.43,45.913,17171700.0,0.0,1.0
2014-08-08,52.72,52.89,52.29,52.82,46.2545,13117700.0,0.0,1.0
2014-08-11,53.0,53.65,52.77,53.31,46.6836,10074600.0,0.0,1.0
2014-08-12,53.22,53.3,52.5734,52.84,46.272,8524600.0,0.0,1.0
2014-08-13,52.97,53.64,52.75,53.6,46.9375,9029400.0,0.0,1.0
2014-08-14,53.62,54.23,53.53,54.19,47.4542,7959800.0,0.0,1.0
2014-08-15,54.34,54.585,53.58,53.9,47.2002,10109300.0,0.0,1.0
2014-08-18,54.39,54.52,53.84,54.31,47.5593,7370500.0,0.0,1.0
2014-08-19,54.48,55.31,54.18,55.29,48.4175,9159300.0,0.0,1.0
2014-08-20,54.82,55.18,54.69,55.06,48.2161,7612200.0,0.0,1.0
2014-08-21,54.79,55.115,54.68,54.96,48.1285,8063200.0,0.0,1.0
2014-08-22,54.87,55.27,54.36,55.2,48.3387,9314600.0,0.0,1.0
2014-08-25,55.38,55.92,55.18,55.87,48.9254,7553500.0,0.0,1.0
2014-08-26,55.68,55.94,55.64,55.75,48.8203,9309800.0,0.0,1.0
2014-08-27,55.85,55.85,55.4,55.7,48.7765,11022600.0,0.0,1.0
2014-08-28,55.52,55.68,55.25,55.6,48.6889,7277900.0,0.0,1.0
2014-08-29,55.75,55.8,55.24,55.28,48.4087,7524400.0,0.0,1.0
2014-09-02,55.43,55.53,54.96,55.07,48.2248,7354900.0,0.0,1.0
2014-09-03,55.16,55.53,54.83,55.51,48.6101,7562100.0,0.0,1.0
2014-09-04,55.36,55.6,55.09,55.54,48.6364,10019400.0,0.0,1.0
2014-09-05,55.49,55.94,54.87,55.94,48.9867,9914300.0,0.0,1.0
2014-09-08,55.78,55.95,55.37,55.57,48.6627,6568800.0,0.0,1.0
2014-09-09,55.53,57.18,55.43,56.95,49.8711,17558900.0,0.0,1.0
2014-09-10,56.9,57.32,56.51,57.19,50.0813,8740300.0,0.0,1.0
2014-09-11,57.0,57.88,56.85,57.85,50.6593,9943900.0,0.0,1.0
2014-09-12,57.85,58.77,57.74,57.88,50.6855,15556200.0,0.0,1.0
2014-09-15,57.75,58.15,57.47,57.93,50.7293,8632700.0,0.0,1.0
2014-09-16,57.63,58.7,57.46,58.6,51.316,9112400.0,0.0,1.0
2014-09-17,58.89,60.02,58.753,59.62,52.2092,14389400.0,0.0,1.0
2014-09-18,59.6,59.65,59.1,59.45,52.0604,10980500.0,0.0,1.0
2014-09-19,59.84,59.93,59.01,59.06,51.7189,13986900.0,0.0,1.0
2014-09-22,59.23,59.3,58.41,58.71,51.4124,8011936.0,0.0,1.0
2014-09-23,56.8,58.27,56.6,57.56,50.4053,24196062.0,0.0,1.0
2014-09-24,57.66,59.35,57.61,59.05,51.7101,15559983.0,0.0,1.0
2014-09-25,58.47,59.5,57.965,58.0,50.7906,10058837.0,0.0,1.0
2014-09-26,58.54,59.24,58.1,59.19,51.8327,15865976.0,0.0,1.0
2014-09-29,58.14,58.83,57.94,58.52,51.246,7640357.0,0.0,1.0
2014-09-30,58.26,58.81,57.73,57.76,50.5804,8599025.0,0.0,1.0
2014-10-01,57.93,57.94,56.96,57.23,50.1163,8432076.0,0.0,1.0
2014-10-02,57.54,57.7,56.14,56.67,49.6259,8371796.0,0.0,1.0
2014-10-03,57.42,58.78,57.34,58.69,51.3948,11680772.0,0.0,1.0
2014-10-06,58.59,58.99,57.66,57.81,50.6242,7359936.0,0.0,1.0
2014-10-07,57.6,57.6,56.51,56.65,49.6084,8924598.0,0.0,1.0
2014-10-08,56.54,58.45,56.18,58.34,51.0884,10917219.0,0.0,1.0
2014-10-09,58.52,58.55,56.71,56.72,49.6697,11911899.0,0.0,1.0
2014-10-10,55.99,56.67,54.95,54.97,48.505,12108793.0,0.42,1.0
2014-10-13,54.88,55.15,53.58,53.62,47.3138,16908703.0,0.0,1.0
2014-10-14,53.59,54.835,53.02,54.13,47.7638,14293617.0,0.0,1.0
2014-10-15,52.33,55.72,52.06,54.63,48.205,122740856.0,0.0,1.0
2014-10-16,55.8,55.9,52.84,52.9,46.6785,61236695.0,0.0,1.0
2014-10-17,53.78,53.9027,52.9,53.37,47.0932,31892106.0,0.0,1.0
2014-10-20,52.56,54.59,52.25,54.41,48.0109,17953937.0,0.0,1.0
2014-10-21,55.3,56.445,55.02,56.29,49.6698,17522116.0,0.0,1.0
2014-10-22,56.96,57.45,56.26,56.9,50.208,16048209.0,0.0,1.0
2014-10-23,58.1,59.7,57.88,59.52,52.5199,14729311.0,0.0,1.0
2014-10-24,59.34,60.41,59.34,60.29,53.1994,10391657.0,0.0,1.0
2014-10-27,60.35,60.98,60.21,60.49,53.3758,10010862.0,0.0,1.0
2014-10-28,60.76,61.13,60.44,60.93,53.7641,9412487.0,0.0,1.0
2014-10-29,60.99,60.99,59.36,59.98,52.9258,16547937.0,0.0,1.0
2014-10-30,60.0,61.43,59.91,61.18,53.9847,11635173.0,0.0,1.0
2014-10-31,63.06,63.99,62.3701,63.46,55.9965,15010787.0,0.0,1.0
2014-11-03,63.66,63.9,62.94,63.25,55.8112,8250651.0,0.0,1.0
2014-11-04,63.21,63.61,62.32,62.66,55.2906,9741719.0,0.0,1.0
2014-11-05,63.49,63.67,62.2,62.54,55.1847,6464959.0,0.0,1.0
2014-11-06,62.75,63.39,62.42,62.71,55.3347,5152441.0,0.0,1.0
2014-11-07,62.31,62.33,61.31,61.5,54.267,7002595.0,0.0,1.0
2014-11-10,61.99,64.06,61.87,63.79,56.2877,9513038.0,0.0,1.0
2014-11-11,63.69,64.2,63.5,63.85,56.3407,5041212.0,0.0,1.0
2014-11-12,63.56,64.02,63.56,63.76,56.2613,5366690.0,0.0,1.0
2014-11-13,64.25,64.7901,63.4,63.63,56.1465,4510242.0,0.0,1.0
2014-11-14,63.98,64.0,63.13,64.0,56.473,4684199.0,0.0,1.0
2014-11-17,64.08,65.41,64.03,65.04,57.3907,7117082.0,0.0,1.0
2014-11-18,64.78,66.24,64.78,66.05,58.2819,6432239.0,0.0,1.0
2014-11-19,65.88,66.148,65.22,65.5,57.7966,5710889.0,0.0,1.0
2014-11-20,65.04,65.68,64.93,65.19,57.5231,4975545.0,0.0,1.0
2014-11-21,66.41,67.36,65.75,67.36,59.4379,9165821.0,0.0,1.0
2014-11-24,67.4,68.0601,67.4,67.78,59.8085,7729965.0,0.0,1.0
2014-11-25,67.64,68.21,67.145,68.06,60.0555,7550833.0,0.0,1.0
2014-11-26,68.34,68.86,67.881,68.7,60.6203,4045983.0,0.0,1.0
2014-11-28,69.0,69.48,68.89,69.2,61.0615,2953678.0,0.0,1.0
2014-12-01,69.08,69.5,68.83,69.11,60.982,4885108.0,0.0,1.0
2014-12-02,68.88,69.4901,68.645,69.27,61.1232,6491493.0,0.0,1.0
2014-12-03,69.17,69.476,68.41,68.5,60.4438,5821231.0,0.0,1.0
2014-12-04,68.35,69.86,68.29,69.57,61.3879,7670135.0,0.0,1.0
2014-12-05,69.52,70.17,69.34,69.71,61.5115,4360127.0,0.0,1.0
2014-12-08,69.81,70.76,69.35,69.42,61.2556,5452113.0,0.0,1.0
2014-12-09,68.21,69.19,67.61,69.14,61.0085,6836407.0,0.0,1.0
2014-12-10,69.44,69.44,67.53,67.58,59.632,8574718.0,0.0,1.0
2014-12-11,66.48,67.96,66.24,67.03,59.1467,9517842.0,0.0,1.0
2014-12-12,66.53,67.17,65.01,65.27,57.5937,9221354.0,0.0,1.0
2014-12-15,65.75,66.47,64.81,65.62,57.9025,7231014.0,0.0,1.0
2014-12-16,65.11,66.94,64.8,65.25,57.576,8544913.0,0.0,1.0
2014-12-17,65.5,66.735,65.09,66.57,58.7408,5934879.0,0.0,1.0
2014-12-18,67.86,68.01,67.2,67.92,59.932,7183435.0,0.0,1.0
2014-12-19,67.69,68.62,66.84,67.71,59.7467,12631038.0,0.0,1.0
2014-12-22,68.04,68.25,66.83,66.97,59.0937,12875890.0,0.0,1.0
2014-12-23,67.23,67.32,64.02,64.35,56.7819,12122108.0,0.0,1.0
2014-12-24,64.75,66.95,64.75,66.21,58.4231,4713104.0,0.0,1.0
2014-12-26,66.51,67.24,66.51,66.98,59.1026,4158049.0,0.0,1.0
2014-12-29,66.58,67.37,66.42,67.14,59.2437,3875718.0,0.0,1.0
2014-12-30,66.77,67.1601,66.02,66.3,58.5025,5568775.0,0.0,1.0
2014-12-31,66.72,67.1,65.35,65.44,57.7437,3989061.0,0.0,1.0
2015-01-02,65.62,66.4,65.49,65.89,58.1407,5087291.0,0.0,1.0
2015-01-05,65.5,66.1,63.88,64.65,57.0466,8007433.0,0.0,1.0
2015-01-06,65.62,65.75,63.7,64.33,56.7642,5488071.0,0.0,1.0
2015-01-07,64.57,67.05,64.48,66.93,59.0584,8283083.0,0.0,1.0
2015-01-08,68.16,68.29,67.42,67.63,59.6761,7945920.0,0.0,1.0
2015-01-09,66.69,67.2,65.11,65.78,58.0437,8758893.0,0.0,1.0
2015-01-12,66.34,66.928,65.3104,65.76,58.026,6159740.0,0.0,1.0
2015-01-13,65.72,66.07,62.91,63.39,56.3671,13909291.0,0.49,1.0
2015-01-14,62.62,64.07,61.86,63.7,56.6428,9448317.0,0.0,1.0
2015-01-15,64.0,64.11,62.87,62.89,55.9225,6149083.0,0.0,1.0
2015-01-16,62.95,64.62,62.64,64.54,57.3897,8106002.0,0.0,1.0
2015-01-20,65.06,65.29,62.75,63.45,56.4205,9064795.0,0.0,1.0
2015-01-21,63.1,63.45,62.28,62.7,55.7536,7979249.0,0.0,1.0
2015-01-22,63.2,63.45,61.88,62.98,56.0026,8941629.0,0.0,1.0
2015-01-23,63.66,63.66,62.35,62.43,55.5135,6880963.0,0.0,1.0
2015-01-26,62.26,63.04,61.68,62.83,55.8692,8181088.0,0.0,1.0
2015-01-27,62.33,63.5,62.2,63.1,56.1093,6532303.0,0.0,1.0
2015-01-28,63.44,63.56,61.69,61.85,54.9978,6909406.0,0.0,1.0
2015-01-29,62.12,63.38,61.59,63.12,56.1271,8481477.0,0.0,1.0
2015-01-30,62.09,62.68,60.12,60.35,53.6639,17582302.0,0.0,1.0
2015-02-02,61.49,61.49,58.65,60.7,53.9752,11489771.0,0.0,1.0
2015-02-03,61.6,61.76,59.98,61.65,54.8199,10721752.0,0.0,1.0
2015-02-04,58.95,58.95,56.65,56.91,50.605,31249154.0,0.0,1.0
2015-02-05,57.545,58.26,56.15,57.99,51.5654,18964493.0,0.0,1.0
2015-02-06,57.71,57.83,56.69,56.9,50.5962,13890796.0,0.0,1.0
2015-02-09,55.67,56.35,55.18,55.48,49.3335,22521928.0,0.0,1.0
2015-02-10,55.93,57.005,55.6,56.89,50.5873,18916988.0,0.0,1.0
2015-02-11,57.36,57.83,56.26,56.69,50.4094,14681352.0,0.0,1.0
2015-02-12,57.4,57.58,56.16,57.05,50.7295,11940929.0,0.0,1.0
2015-02-13,57.35,58.1,56.9,58.05,51.6187,11303213.0,0.0,1.0
2015-02-17,58.95,59.0,57.9,58.72,52.2145,12789265.0,0.0,1.0
2015-02-18,59.15,59.48,58.305,59.24,52.6769,10781655.0,0.0,1.0
2015-02-19,58.92,59.08,58.65,59.0,52.4635,8665548.0,0.0,1.0
2015-02-20,59.61,61.34,59.22,61.3,54.5087,15533376.0,0.0,1.0
2015-02-23,61.54,61.9,60.24,60.57,53.8596,11582656.0,0.0,1.0
2015-02-24,60.85,61.3,60.52,60.87,54.1263,7900656.0,0.0,1.0
2015-02-25,61.1,61.1,60.21,60.62,53.904,9983859.0,0.0,1.0
2015-02-26,60.35,60.81,60.27,60.52,53.8151,7327885.0,0.0,1.0
2015-02-27,60.53,60.99,60.37,60.5,53.7973,8649052.0,0.0,1.0
2015-03-02,60.3,60.75,60.06,60.46,53.7617,6150774.0,0.0,1.0
2015-03-03,60.35,60.45,59.4371,59.62,53.0148,7388032.0,0.0,1.0
2015-03-04,59.32,60.42,59.03,60.27,53.5928,8535895.0,0.0,1.0
2015-03-05,57.21,59.48,56.649,56.86,50.5606,47051781.0,0.0,1.0
2015-03-06,56.95,57.4,55.44,55.64,49.4757,22852963.0,0.0,1.0
2015-03-09,55.93,56.03,55.26,55.54,49.3868,14779867.0,0.0,1.0
2015-03-10,55.22,56.3,54.78,55.84,49.6536,17907725.0,0.0,1.0
2015-03-11,56.19,56.8772,55.6628,56.62,50.3472,14628990.0,0.0,1.0
2015-03-12,56.78,58.905,56.65,58.0,51.5743,18227835.0,0.0,1.0
2015-03-13,58.12,58.87,57.345,58.0,51.5743,10114502.0,0.0,1.0
2015-03-16,58.46,59.7,58.33,59.12,52.5702,12098670.0,0.0,1.0
2015-03-17,58.72,60.18,58.7,59.73,53.1126,10983450.0,0.0,1.0
2015-03-18,59.76,60.42,59.25,59.89,53.2549,11889103.0,0.0,1.0
2015-03-19,60.09,61.4762,59.99,61.19,54.4109,14110366.0,0.0,1.0
2015-03-20,61.5,61.73,60.32,60.4,53.7084,13313128.0,0.0,1.0
2015-03-23,60.05,61.19,59.62,60.48,53.7795,7926391.0,0.0,1.0
2015-03-24,60.65,60.82,59.45,59.63,53.0237,7969786.0,0.0,1.0
2015-03-25,60.08,60.09,58.21,58.22,51.7699,11619133.0,0.0,1.0
2015-03-26,57.98,58.09,57.22,57.27,50.9252,10853808.0,0.0,1.0
2015-03-27,57.63,58.05,57.31,57.65,51.2631,6829781.0,0.0,1.0
2015-03-30,57.93,58.34,57.79,58.24,51.7877,5781559.0,0.0,1.0
2015-03-31,58.01,58.81,57.71,58.54,52.0545,12313641.0,0.0,1.0
2015-04-01,58.48,58.49,56.33,57.1,50.774,14903269.0,0.0,1.0
2015-04-02,57.44,57.81,56.9,57.01,50.694,8787023.0,0.0,1.0
2015-04-06,56.81,57.89,56.68,57.61,51.2275,10280058.0,0.0,1.0
2015-04-07,58.25,58.75,57.785,58.42,51.9478,10171455.0,0.0,1.0
2015-04-08,58.5,58.98,57.95,58.81,52.2945,11075839.0,0.0,1.0
2015-04-09,59.2,60.43,59.05,60.32,53.6373,12697994.0,0.0,1.0
2015-04-10,60.5,62.33,60.32,62.0,55.1311,17894054.0,0.0,1.0
2015-04-13,61.81,62.16,61.06,61.2,54.8733,11400898.0,0.51,1.0
2015-04-14,61.4,61.81,60.51,61.72,55.3395,13071393.0,0.0,1.0
2015-04-15,62.1,62.7,61.97,62.03,55.6175,11534244.0,0.0,1.0
2015-04-16,61.8,62.91,61.65,62.59,56.1196,9815626.0,0.0,1.0
2015-04-17,62.12,62.79,61.87,62.29,55.8506,9905475.0,0.0,1.0
2015-04-20,62.91,64.0,62.8,63.54,56.9714,12779184.0,0.0,1.0
2015-04-21,63.89,64.24,63.27,63.61,57.0341,8457272.0,0.0,1.0
2015-04-22,63.6,64.73,63.5605,64.52,57.85,13872497.0,0.0,1.0
2015-04-23,65.26,65.31,62.73,64.25,57.608,18405130.0,0.0,1.0
2015-04-24,64.31,66.37,64.14,66.07,59.2398,14859514.0,0.0,1.0
2015-04-27,66.02,66.66,64.86,65.02,58.2984,18141505.0,0.0,1.0
2015-04-28,64.6,66.49,64.2,66.49,59.6164,13084546.0,0.0,1.0
2015-04-29,65.7,66.18,65.51,65.63,58.8453,9864252.0,0.0,1.0
2015-04-30,65.39,65.92,64.32,64.66,57.9756,10298594.0,0.0,1.0
2015-05-01,65.09,65.5,63.88,64.32,57.6707,9870805.0,0.0,1.0
2015-05-04,64.32,65.4375,64.01,64.68,57.9935,8493439.0,0.0,1.0
2015-05-05,64.2,64.9,63.78,63.86,57.2583,7635922.0,0.0,1.0
2015-05-06,64.11,64.529,63.4,63.94,57.33,8476305.0,0.0,1.0
2015-05-07,63.59,64.81,63.59,64.7,58.0114,8638220.0,0.0,1.0
2015-05-08,65.1,65.8,64.9,65.24,58.4956,7541105.0,0.0,1.0
2015-05-11,65.19,65.8,65.08,65.2,58.4598,7978734.0,0.0,1.0
2015-05-12,64.75,65.27,64.59,64.81,58.1101,5926876.0,0.0,1.0
2015-05-13,64.98,65.32,64.63,65.3,58.5494,8519240.0,0.0,1.0
2015-05-14,65.86,66.27,64.94,65.97,59.1502,5868887.0,0.0,1.0
2015-05-15,65.93,66.52,65.91,65.99,59.1681,6786394.0,0.0,1.0
2015-05-18,65.79,65.91,65.14,65.61,58.8274,7858040.0,0.0,1.0
2015-05-19,65.71,66.12,65.4,65.73,58.935,7674605.0,0.0,1.0
2015-05-20,65.92,66.2,65.39,65.89,59.0784,9955983.0,0.0,1.0
2015-05-21,65.45,65.805,64.87,65.65,58.8632,10553421.0,0.0,1.0
2015-05-22,65.48,65.87,65.31,65.48,58.7108,14041469.0,0.0,1.0
2015-05-26,65.72,67.0,65.66,66.1,59.2667,21033826.0,0.0,1.0
2015-05-27,66.75,67.99,66.57,67.38,60.4144,40778841.0,0.0,1.0
2015-05-28,67.42,67.53,66.63,67.47,60.4951,12891458.0,0.0,1.0
2015-05-29,67.22,67.515,66.39,66.59,59.7061,9450784.0,0.0,1.0
2015-06-01,66.8,67.26,66.26,66.93,60.0109,12427034.0,0.0,1.0
2015-06-02,66.7,67.23,66.33,66.62,59.733,11133752.0,0.0,1.0
2015-06-03,66.9,67.3,66.62,67.01,60.0826,20804007.0,0.0,1.0
2015-06-04,66.55,67.87,66.52,67.42,60.4503,10539019.0,0.0,1.0
2015-06-05,66.98,67.755,66.62,67.4,60.4323,8908863.0,0.0,1.0
2015-06-08,67.86,68.2,67.53,67.79,60.782,10276716.0,0.0,1.0
2015-06-09,67.52,68.08,67.51,67.67,60.6744,8132783.0,0.0,1.0
2015-06-10,67.66,68.44,67.54,68.24,61.1855,7349344.0,0.0,1.0
2015-06-11,68.67,68.67,67.65,68.04,61.0062,7552238.0,0.0,1.0
2015-06-12,67.89,67.93,66.59,67.05,60.1185,8249850.0,0.0,1.0
2015-06-15,66.66,67.05,66.1,66.91,59.993,7028434.0,0.0,1.0
2015-06-16,66.72,67.4,66.62,66.77,59.8674,5201034.0,0.0,1.0
2015-06-17,66.97,67.99,66.88,67.77,60.7641,7377100.0,0.0,1.0
2015-06-18,67.79,69.07,67.79,68.98,61.849,9078824.0,0.0,1.0
2015-06-19,68.5,69.75,68.5,69.48,62.2973,9960684.0,0.0,1.0
2015-06-22,69.85,70.6,69.73,70.12,62.8711,9907831.0,0.0,1.0
2015-06-23,70.01,70.49,69.565,70.02,62.7815,8720018.0,0.0,1.0
2015-06-24,70.52,70.75,69.03,69.22,62.0642,9308199.0,0.0,1.0
2015-06-25,69.67,70.38,69.29,69.82,62.6021,6191194.0,0.0,1.0
2015-06-26,69.95,70.6,69.68,70.46,63.176,9669293.0,0.0,1.0
2015-06-29,69.27,70.02,67.08,67.18,60.2351,12057061.0,0.0,1.0
2015-06-30,68.0,68.22,66.66,67.19,60.244,11625858.0,0.0,1.0
2015-07-01,67.9,68.6,67.68,68.51,61.4276,7694912.0,0.0,1.0
2015-07-02,68.68,68.9,67.79,68.21,61.1586,6245709.0,0.0,1.0
2015-07-06,67.53,69.001,67.49,68.22,61.1675,17029081.0,0.0,1.0
2015-07-07,68.42,68.79,67.32,68.56,61.4724,7821618.0,0.0,1.0
2015-07-08,67.79,68.44,67.58,67.66,60.6654,5027199.0,0.0,1.0
2015-07-09,68.48,68.92,67.8,67.97,60.9434,6516775.0,0.0,1.0
2015-07-10,68.94,69.5,68.53,69.23,62.0731,6891365.0,0.0,1.0
2015-07-13,69.42,69.7,69.17,69.57,62.8353,5507019.0,0.51,1.0
2015-07-14,69.71,70.52,69.4,69.8,63.043,6628119.0,0.0,1.0
2015-07-15,69.81,70.04,69.31,69.75,62.9978,16761434.0,0.0,1.0
2015-07-16,70.14,70.3,69.83,69.99,63.2146,6844740.0,0.0,1.0
2015-07-17,69.99,70.125,69.7,69.99,63.2146,6141226.0,0.0,1.0
2015-07-20,70.0,71.11,69.86,70.8,63.9462,9633007.0,0.0,1.0
2015-07-21,70.81,71.6,70.22,70.54,63.7114,5027443.0,0.0,1.0
2015-07-22,70.26,70.65,70.03,70.56,63.7294,5702116.0,0.0,1.0
2015-07-23,70.25,70.93,70.135,70.52,63.6933,5636576.0,0.0,1.0
2015-07-24,67.53,69.015,67.35,68.08,61.4895,13494900.0,0.0,1.0
2015-07-27,68.46,70.96,68.46,69.34,62.6275,12841481.0,0.0,1.0
2015-07-28,69.5,71.44,69.08,71.23,64.3346,10098080.0,0.0,1.0
2015-07-29,71.29,71.51,70.74,70.77,63.9191,6793252.0,0.0,1.0
2015-07-30,70.86,70.88,69.27,70.16,63.3682,6820441.0,0.0,1.0
2015-07-31,70.38,70.38,69.73,70.01,63.2327,6181288.0,0.0,1.0
2015-08-03,70.19,70.79,69.275,69.73,62.9798,9872039.0,0.0,1.0
2015-08-04,70.04,70.39,69.674,69.95,63.1785,5410932.0,0.0,1.0
2015-08-05,70.1,70.64,70.05,70.3,63.4946,10048179.0,0.0,1.0
2015-08-06,70.37,70.78,68.8,69.24,62.5372,6172233.0,0.0,1.0
2015-08-07,69.08,69.3,67.77,68.62,61.9772,6214464.0,0.0,1.0
2015-08-10,68.92,69.43,68.5003,69.21,62.5101,8189425.0,0.0,1.0
2015-08-11,68.5,69.29,67.94,68.25,61.643,7473179.0,0.0,1.0
2015-08-12,67.83,68.92,67.24,68.75,62.0946,8575110.0,0.0,1.0
2015-08-13,68.68,69.09,68.21,68.54,61.905,7168834.0,0.0,1.0
2015-08-14,68.56,69.44,68.4103,68.65,62.0043,5864797.0,0.0,1.0
2015-08-17,68.71,69.82,68.3001,69.37,62.6546,17669881.0,0.0,1.0
2015-08-18,69.42,69.74,68.67,68.86,62.194,6376384.0,0.0,1.0
2015-08-19,68.75,69.0798,68.21,68.59,61.9501,6270239.0,0.0,1.0
2015-08-20,68.0,68.43,67.48,67.48,60.9476,9600934.0,0.0,1.0
2015-08-21,66.74,67.16,65.83,65.9,59.5205,16276961.0,0.0,1.0
2015-08-24,61.17,64.85,53.87,63.45,57.3077,24292518.0,0.0,1.0
2015-08-25,65.11,65.12,60.65,60.71,54.833,15264862.0,0.0,1.0
2015-08-26,62.47,63.22,60.88,63.14,57.0277,15276426.0,0.0,1.0
2015-08-27,64.03,64.6,63.0,64.51,58.2651,12591626.0,0.0,1.0
2015-08-28,63.91,64.78,63.44,63.98,57.7864,7316211.0,0.0,1.0
2015-08-31,64.14,64.31,62.2545,62.41,56.3684,15580921.0,0.0,1.0
2015-09-01,61.0,61.63,60.16,60.5,54.6433,12703178.0,0.0,1.0
2015-09-02,61.18,61.6,60.28,60.98,55.0768,12044504.0,0.0,1.0
2015-09-03,61.45,62.28,61.35,61.58,55.6187,11777372.0,0.0,1.0
2015-09-04,60.65,60.8,58.9638,59.77,53.984,9281556.0,0.0,1.0
2015-09-08,60.22,60.94,59.91,60.57,54.7065,9263153.0,0.0,1.0
2015-09-09,61.52,61.52,59.11,59.26,53.5233,8436873.0,0.0,1.0
2015-09-10,59.36,60.13,58.89,59.58,53.8123,9306601.0,0.0,1.0
2015-09-11,59.62,59.76,58.97,59.35,53.6046,9365126.0,0.0,1.0
2015-09-14,59.43,59.62,57.54,58.94,53.2343,9095647.0,0.0,1.0
2015-09-15,58.98,59.44,58.37,59.2,53.4691,10474719.0,0.0,1.0
2015-09-16,59.5,59.64,58.625,59.51,53.7491,8044172.0,0.0,1.0
2015-09-17,59.56,60.92,59.39,59.86,54.0652,10281713.0,0.0,1.0
2015-09-18,59.42,61.83,58.97,61.22,55.2936,28957042.0,0.0,1.0
2015-09-21,61.24,61.74,59.285,59.39,53.6407,11036805.0,0.0,1.0
2015-09-22,58.17,58.26,56.91,57.74,52.1505,14191808.0,0.0,1.0
2015-09-23,57.9,58.4,57.15,57.43,51.8705,9827049.0,0.0,1.0
2015-09-24,56.93,57.48,55.92,56.57,51.0937,8625466.0,0.0,1.0
2015-09-25,57.84,57.88,55.08,55.74,50.3441,8673385.0,0.0,1.0
2015-09-28,55.39,55.43,52.3401,52.5,47.4177,15000639.0,0.0,1.0
2015-09-29,53.1,54.19,51.88,52.79,47.6797,12842820.0,0.0,1.0
2015-09-30,53.54,54.5,53.36,54.41,49.1428,11777177.0,0.0,1.0
2015-10-01,54.68,55.23,53.93,55.13,49.7931,9255780.0,0.0,1.0
2015-10-02,53.87,55.85,53.72,55.82,50.4163,6942567.0,0.0,1.0
2015-10-05,56.39,56.95,55.44,56.68,51.1931,9330952.0,0.0,1.0
2015-10-06,56.26,56.67,53.96,55.08,49.748,9008241.0,0.0,1.0
2015-10-07,54.85,56.55,53.91,55.63,50.2447,11075147.0,0.0,1.0
2015-10-08,55.13,56.16,54.8,56.04,50.615,6737334.0,0.0,1.0
2015-10-09,56.18,56.5,55.47,55.64,50.2538,7178537.0,0.0,1.0
2015-10-12,55.8,56.27,55.52,55.77,50.3712,6515047.0,0.0,1.0
2015-10-13,55.17,55.36,53.705,53.8,49.0525,9467938.0,0.51,1.0
2015-10-14,54.09,54.62,53.565,53.94,49.1802,8727377.0,0.0,1.0
2015-10-15,54.32,56.2,53.85,56.14,51.186,7781605.0,0.0,1.0
2015-10-16,56.29,56.97,55.7902,56.53,51.5416,7342847.0,0.0,1.0
2015-10-19,56.29,56.7,55.685,56.16,51.2043,6463038.0,0.0,1.0
2015-10-20,56.15,56.3799,54.63,54.83,49.9916,6494588.0,0.0,1.0
2015-10-21,55.28,55.61,53.07,53.83,49.0799,11756513.0,0.0,1.0
2015-10-22,53.88,54.44,45.45,48.27,44.0105,46499249.0,0.0,1.0
2015-10-23,49.41,51.73,48.64,50.34,45.8978,26214800.0,0.0,1.0
2015-10-26,50.17,52.4775,49.35,51.87,47.2928,13890440.0,0.0,1.0
2015-10-27,52.01,53.49,52.01,52.58,47.9402,11710809.0,0.0,1.0
2015-10-28,52.82,53.8414,52.08,53.26,48.5602,7868971.0,0.0,1.0
2015-10-29,53.2,55.18,53.02,54.1,49.326,9301078.0,0.0,1.0
2015-10-30,57.87,60.73,57.66,59.55,54.2951,27465631.0,0.0,1.0
2015-11-02,61.6,64.2,61.44,63.38,57.7871,17008651.0,0.0,1.0
2015-11-03,63.12,63.72,61.92,62.43,56.921,8754366.0,0.0,1.0
2015-11-04,62.43,64.15,62.3,63.8,58.1701,10342539.0,0.0,1.0
2015-11-05,63.7,64.18,61.69,62.77,57.231,10237169.0,0.0,1.0
2015-11-06,62.25,64.3,62.13,64.13,58.471,7252142.0,0.0,1.0
2015-11-09,63.62,64.13,63.11,63.23,57.6504,8223290.0,0.0,1.0
2015-11-10,63.33,63.62,62.2775,62.3,56.8024,6897363.0,0.0,1.0
2015-11-11,62.2,62.27,60.57,60.86,55.4895,8212540.0,0.0,1.0
2015-11-12,60.79,61.7297,60.15,60.23,54.9151,7765449.0,0.0,1.0
2015-11-13,60.01,60.97,58.89,59.86,54.5778,7831816.0,0.0,1.0
2015-11-16,59.74,60.81,59.56,60.01,54.7145,6965093.0,0.0,1.0
2015-11-17,60.1,61.73,59.73,60.38,55.0519,8405288.0,0.0,1.0
2015-11-18,60.26,61.06,59.8501,60.99,55.608,5470204.0,0.0,1.0
2015-11-19,61.22,61.73,60.14,60.55,55.2069,5571205.0,0.0,1.0
2015-11-20,60.94,61.36,60.57,61.11,55.7175,7489684.0,0.0,1.0
2015-11-23,61.31,61.53,60.84,61.15,55.7539,6404954.0,0.0,1.0
2015-11-24,60.56,61.65,60.53,61.13,55.7357,5214544.0,0.0,1.0
2015-11-25,61.1,61.13,60.21,60.29,54.9698,4879776.0,0.0,1.0
2015-11-27,60.17,60.45,59.61,60.0,54.7054,2404142.0,0.0,1.0
2015-11-30,59.96,60.21,57.9601,58.15,53.0187,12659111.0,0.0,1.0
2015-12-01,58.23,59.095,57.16,59.02,53.8119,11290185.0,0.0,1.0
2015-12-02,59.17,59.39,57.37,57.72,52.6266,7663000.0,0.0,1.0
2015-12-03,57.71,57.75,55.53,56.12,51.1678,9700854.0,0.0,1.0
2015-12-04,56.5,57.48,56.2,57.18,52.1343,6748111.0,0.0,1.0
2015-12-07,57.9,57.99,55.76,56.27,51.3046,7890533.0,0.0,1.0
2015-12-08,55.56,56.87,55.51,56.67,51.6693,6896158.0,0.0,1.0
2015-12-09,56.28,57.44,55.72,56.03,51.0857,6207923.0,0.0,1.0
2015-12-10,56.0,56.65,55.65,55.78,50.8578,6736772.0,0.0,1.0
2015-12-11,55.17,55.39,53.85,54.04,49.2713,9388615.0,0.0,1.0
2015-12-14,53.71,55.475,53.24,55.44,50.5478,9419071.0,0.0,1.0
2015-12-15,56.15,57.0,55.91,56.39,51.414,6990048.0,0.0,1.0
2015-12-16,56.67,57.69,56.2,57.63,52.5445,6282513.0,0.0,1.0
2015-12-17,57.66,57.93,56.35,56.38,51.4048,7848920.0,0.0,1.0
2015-12-18,55.9,56.1,55.36,55.74,50.8213,13766238.0,0.0,1.0
2015-12-21,56.0,56.26,55.7,56.2,51.2407,4572059.0,0.0,1.0
2015-12-22,56.54,57.985,56.42,57.59,52.5081,8390761.0,0.0,1.0
2015-12-23,57.88,58.61,57.61,58.58,53.4107,6634423.0,0.0,1.0
2015-12-24,58.38,58.73,58.0,58.46,53.3013,2152905.0,0.0,1.0
2015-12-28,58.27,58.97,57.76,58.75,53.5657,5585803.0,0.0,1.0
2015-12-29,59.02,59.7,59.02,59.45,54.2039,5073292.0,0.0,1.0
2015-12-30,59.4,60.12,59.31,59.8,54.5231,5220318.0,0.0,1.0
2015-12-31,59.5,59.93,59.2,59.24,54.0125,6104841.0,0.0,1.0
2016-01-04,58.06,58.32,56.4,57.61,52.5263,10308397.0,0.0,1.0
2016-01-05,57.99,58.25,56.815,57.37,52.3075,7179634.0,0.0,1.0
2016-01-06,56.37,57.56,56.18,57.38,52.3166,8952688.0,0.0,1.0
2016-01-07,56.52,57.84,56.34,57.21,52.1616,9292584.0,0.0,1.0
2016-01-08,57.55,57.81,55.48,55.65,50.7393,7985156.0,0.0,1.0
2016-01-11,55.86,55.98,52.83,53.88,49.1255,10483232.0,0.0,1.0
2016-01-12,54.47,54.9701,53.57,54.84,50.0007,6799265.0,0.0,1.0
2016-01-13,54.55,54.62,50.98,51.18,47.1834,10432227.0,0.57,1.0
2016-01-14,51.32,56.8295,50.71,54.56,50.2995,16704779.0,0.0,1.0
2016-01-15,53.01,57.41,53.01,57.34,52.8624,26727332.0,0.0,1.0
2016-01-19,57.53,57.73,54.23,54.99,50.6959,13643672.0,0.0,1.0
2016-01-20,54.21,57.93,53.7,57.15,52.6872,11993149.0,0.0,1.0
2016-01-21,57.29,58.77,56.92,58.36,53.8027,12096554.0,0.0,1.0
2016-01-22,59.1,59.43,57.82,58.83,54.236,10383842.0,0.0,1.0
2016-01-25,59.03,59.81,58.18,58.65,54.0701,9680396.0,0.0,1.0
2016-01-26,59.01,59.27,57.21,58.26,53.7105,7421073.0,0.0,1.0
2016-01-27,58.36,58.93,56.45,57.11,52.6503,9075307.0,0.0,1.0
2016-01-28,57.23,57.73,54.78,55.85,51.4887,10520645.0,0.0,1.0
2016-01-29,53.42,55.31,53.42,54.9,50.6129,17768483.0,0.0,1.0
2016-02-01,54.16,54.88,52.51,54.39,50.1427,11693273.0,0.0,1.0
2016-02-02,53.64,54.78,53.32,53.95,49.7371,7918204.0,0.0,1.0
2016-02-03,54.53,57.18,54.05,56.84,52.4014,16435661.0,0.0,1.0
2016-02-04,56.74,57.31,55.355,56.76,52.3277,10351220.0,0.0,1.0
2016-02-05,56.25,56.34,52.62,53.12,48.9719,13262042.0,0.0,1.0
2016-02-08,52.58,54.1,51.941,52.89,48.7599,9369377.0,0.0,1.0
2016-02-09,52.31,53.94,52.06,53.48,49.3038,7655796.0,0.0,1.0
2016-02-10,54.11,54.69,52.55,52.72,48.6032,9302456.0,0.0,1.0
2016-02-11,52.3,53.12,51.8162,52.18,48.1053,8551125.0,0.0,1.0
2016-02-12,52.53,52.97,51.6,52.58,48.4741,9976111.0,0.0,1.0
2016-02-16,53.44,53.87,52.73,53.51,49.3315,8312990.0,0.0,1.0
2016-02-17,54.34,55.155,53.35,55.01,50.7143,10005667.0,0.0,1.0
2016-02-18,55.53,55.53,54.17,54.55,50.2903,6553311.0,0.0,1.0
2016-02-19,54.5,55.0,53.98,54.29,50.0506,8532544.0,0.0,1.0
2016-02-22,54.67,55.32,53.74,55.28,50.9632,9381688.0,0.0,1.0
2016-02-23,55.7,56.31,55.0,55.07,50.7696,8629685.0,0.0,1.0
2016-02-24,54.66,55.07,54.01,54.89,50.6037,6633443.0,0.0,1.0
2016-02-25,55.17,56.23,54.43,56.2,51.8114,7076286.0,0.0,1.0
2016-02-26,56.26,56.79,55.8,56.0,51.627,5297979.0,0.0,1.0
2016-02-29,55.87,56.0,54.47,54.61,50.3456,8387319.0,0.0,1.0
2016-03-01,54.78,56.34,54.24,56.34,51.9405,7106044.0,0.0,1.0
2016-03-02,56.17,56.43,55.4,55.7,51.3504,7054840.0,0.0,1.0
2016-03-03,55.69,56.0859,55.15,55.93,51.5625,9283916.0,0.0,1.0
2016-03-04,56.0,56.696,55.3,56.15,51.7653,6439655.0,0.0,1.0
2016-03-07,55.7,56.5,54.83,56.4,51.9958,7741742.0,0.0,1.0
2016-03-08,56.18,56.47,55.23,55.32,51.0001,5127549.0,0.0,1.0
2016-03-09,55.51,56.65,55.04,56.39,51.9866,8402376.0,0.0,1.0
2016-03-10,56.56,57.37,55.3188,56.23,51.8391,5627812.0,0.0,1.0
2016-03-11,56.4,57.87,56.35,57.73,53.2219,6537430.0,0.0,1.0
2016-03-14,57.67,57.73,56.97,57.21,52.7425,4650827.0,0.0,1.0
2016-03-15,56.65,56.93,55.128,55.62,51.2767,5779576.0,0.0,1.0
2016-03-16,55.58,56.54,55.25,56.31,51.9128,6245419.0,0.0,1.0
2016-03-17,56.46,56.46,54.41,55.32,51.0001,8307931.0,0.0,1.0
2016-03-18,55.59,56.6,54.8,56.57,52.1525,11029792.0,0.0,1.0
2016-03-21,56.52,56.775,55.73,56.01,51.6362,6632919.0,0.0,1.0
2016-03-22,55.75,57.54,55.75,57.5,53.0099,7660904.0,0.0,1.0
2016-03-23,57.16,57.5,56.22,56.36,51.9589,5116420.0,0.0,1.0
2016-03-24,56.14,56.25,55.67,56.12,51.7377,5278949.0,0.0,1.0
2016-03-28,56.35,56.7,55.8,56.11,51.7284,3803128.0,0.0,1.0
2016-03-29,56.1,57.1,55.2169,57.05,52.595,4567919.0,0.0,1.0
2016-03-30,57.43,57.53,56.72,57.0,52.5489,3650279.0,0.0,1.0
2016-03-31,57.02,57.46,56.82,57.12,52.6596,4930321.0,0.0,1.0
2016-04-01,56.58,57.57,56.36,57.42,52.9361,4525718.0,0.0,1.0
2016-04-04,57.64,59.4,57.49,59.21,54.5864,8108130.0,0.0,1.0
2016-04-05,58.54,59.56,58.085,58.54,53.9687,6779355.0,0.0,1.0
2016-04-06,58.52,59.9,58.52,59.89,55.2133,6322768.0,0.0,1.0
2016-04-07,59.42,59.9,58.76,59.3,54.6693,7826557.0,0.0,1.0
2016-04-08,59.49,59.8,58.17,58.47,53.9041,5749998.0,0.0,1.0
2016-04-11,58.59,59.25,58.25,58.5,53.9318,4893374.0,0.0,1.0
2016-04-12,58.98,60.05,58.69,59.9,55.2225,7242861.0,0.0,1.0
2016-04-13,59.87,60.0,58.7,59.06,54.9736,7023002.0,0.57,1.0
2016-04-14,59.15,59.49,59.0,59.28,55.1783,5185595.0,0.0,1.0
2016-04-15,59.55,59.74,58.78,59.51,55.3924,4660835.0,0.0,1.0
2016-04-18,59.5,60.32,59.3,59.88,55.7368,6088517.0,0.0,1.0
2016-04-19,60.09,61.23,59.67,60.17,56.0068,6149273.0,0.0,1.0
2016-04-20,60.17,61.11,59.96,60.48,56.2953,4443645.0,0.0,1.0
2016-04-21,60.57,61.43,60.54,61.37,57.1237,5702153.0,0.0,1.0
2016-04-22,61.3,61.99,60.96,61.42,57.1703,5103024.0,0.0,1.0
2016-04-25,61.13,61.3,60.75,60.97,56.7514,4320521.0,0.0,1.0
2016-04-26,60.96,61.29,60.53,60.93,56.7142,4281312.0,0.0,1.0
2016-04-27,60.93,61.48,60.25,60.7,56.5001,6678443.0,0.0,1.0
2016-04-28,58.56,62.1,57.53,61.2,56.9655,16234770.0,0.0,1.0
2016-04-29,61.03,61.445,60.48,61.0,56.7793,13052678.0,0.0,1.0
2016-05-02,60.79,62.0,60.7,61.44,57.1889,9512008.0,0.0,1.0
2016-05-03,60.99,62.09,60.72,61.77,57.4961,9316013.0,0.0,1.0
2016-05-04,61.3,61.65,61.01,61.46,57.2075,8691399.0,0.0,1.0
2016-05-05,61.41,62.395,61.09,62.34,58.0266,8645974.0,0.0,1.0
2016-05-06,62.0,62.745,61.65,62.51,58.1849,10880407.0,0.0,1.0
2016-05-09,62.36,63.87,62.2802,63.7,59.2925,9917401.0,0.0,1.0
2016-05-10,63.51,63.76,63.3225,63.74,59.3297,12103393.0,0.0,1.0
2016-05-11,63.77,63.825,62.64,62.7,58.3617,9375138.0,0.0,1.0
2016-05-12,62.86,63.07,62.389,62.49,58.1662,9589470.0,0.0,1.0
2016-05-13,62.15,62.86,61.8215,62.0,57.7101,7339589.0,0.0,1.0
2016-05-16,61.91,62.62,61.5,62.45,58.129,6707435.0,0.0,1.0
2016-05-17,62.44,62.7899,58.5,60.25,56.0812,31527592.0,0.0,1.0
2016-05-18,59.87,60.8,59.56,60.46,56.2767,10622035.0,0.0,1.0
2016-05-19,60.06,60.35,58.9,59.28,55.1783,9917904.0,0.0,1.0
2016-05-20,59.63,60.05,59.03,59.69,55.56,11259353.0,0.0,1.0
2016-05-23,59.75,59.84,59.13,59.3,55.197,6468921.0,0.0,1.0
2016-05-24,59.73,60.91,59.52,60.7,56.5001,8888080.0,0.0,1.0
2016-05-25,61.08,61.47,60.79,61.22,56.9841,5857619.0,0.0,1.0
2016-05-26,61.0,62.17,60.9,61.9,57.6171,6536916.0,0.0,1.0
2016-05-27,61.99,63.2,61.9,62.71,58.371,5768006.0,0.0,1.0
2016-05-31,62.71,63.49,62.64,62.93,58.5758,7147942.0,0.0,1.0
2016-06-01,62.9,63.17,62.63,62.83,58.4827,5284439.0,0.0,1.0
2016-06-02,62.87,65.15,62.83,65.09,60.5863,11628027.0,0.0,1.0
2016-06-03,64.76,65.37,63.75,65.0,60.5026,10621168.0,0.0,1.0
2016-06-06,62.13,62.99,61.87,62.82,58.4734,16403337.0,0.0,1.0
2016-06-07,62.59,63.59,62.3,63.1,58.734,10980086.0,0.0,1.0
2016-06-08,62.21,62.3,61.37,61.73,57.4588,13172984.0,0.0,1.0
2016-06-09,61.5,62.17,60.515,60.75,56.5466,11503706.0,0.0,1.0
2016-06-10,59.99,61.01,59.72,61.0,56.7793,11052311.0,0.0,1.0
2016-06-13,60.46,61.39,59.85,59.93,55.7834,11673171.0,0.0,1.0
2016-06-14,59.46,60.38,59.16,59.9,55.7554,11559797.0,0.0,1.0
2016-06-15,60.29,61.27,60.01,60.4,56.2208,7739270.0,0.0,1.0
2016-06-16,59.93,60.94,59.91,60.9,56.6862,7011206.0,0.0,1.0
2016-06-17,60.88,60.97,59.57,60.01,55.8578,12574723.0,0.0,1.0
2016-06-20,60.64,61.18,60.06,60.11,55.9509,7076452.0,0.0,1.0
2016-06-21,60.2,60.4,59.75,59.98,55.8299,6364629.0,0.0,1.0
2016-06-22,60.0,61.18,59.92,60.39,56.2115,6718704.0,0.0,1.0
2016-06-23,60.86,61.32,60.62,61.31,57.0679,5328036.0,0.0,1.0
2016-06-24,59.26,60.6,59.18,59.86,55.7182,9877986.0,0.0,1.0
2016-06-27,59.38,59.68,58.329,58.68,54.6199,7947017.0,0.0,1.0
2016-06-28,59.28,60.13,59.15,59.99,55.8392,9897535.0,0.0,1.0
2016-06-29,60.58,62.03,60.23,61.81,57.5333,9308022.0,0.0,1.0
2016-06-30,61.79,62.02,61.14,61.91,57.6264,7920605.0,0.0,1.0
2016-07-01,61.98,63.22,61.83,62.71,58.371,6533694.0,0.0,1.0
2016-07-05,62.5,62.71,61.77,61.92,57.6357,6293627.0,0.0,1.0
2016-07-06,61.84,63.76,61.8,63.37,58.9853,9202126.0,0.0,1.0
2016-07-07,63.6,63.75,63.21,63.43,59.0412,7081909.0,0.0,1.0
2016-07-08,63.48,64.48,62.74,64.16,59.7207,7921725.0,0.0,1.0
2016-07-11,64.25,64.985,64.07,64.35,59.8975,9641282.0,0.0,1.0
2016-07-12,64.67,65.81,64.32,65.51,60.9773,11870483.0,0.0,1.0
2016-07-13,64.81,65.04,64.25,64.77,60.819,7684151.0,0.57,1.0
2016-07-14,63.7,64.14,62.94,63.62,59.7392,12090057.0,0.0,1.0
2016-07-15,63.82,64.17,63.13,63.32,59.4575,8826486.0,0.0,1.0
2016-07-18,63.23,63.77,63.18,63.56,59.6828,6384655.0,0.0,1.0
2016-07-19,63.41,63.97,63.09,63.32,59.4575,5789488.0,0.0,1.0
2016-07-20,63.57,63.9,63.3299,63.41,59.542,7502821.0,0.0,1.0
2016-07-21,63.23,64.0,63.17,63.89,59.9927,6515660.0,0.0,1.0
2016-07-22,64.0,64.09,63.575,63.81,59.9176,4972888.0,0.0,1.0
2016-07-25,63.91,64.5,63.71,64.32,60.3965,7241174.0,0.0,1.0
2016-07-26,64.41,64.73,63.96,64.45,60.5186,4885138.0,0.0,1.0
2016-07-27,64.42,65.115,64.32,64.9,60.9411,6220302.0,0.0,1.0
2016-07-28,64.79,65.06,63.93,64.72,60.7721,6556138.0,0.0,1.0
2016-07-29,65.27,66.4,65.15,66.23,62.19,10524966.0,0.0,1.0
2016-08-01,66.23,67.08,66.23,66.94,62.8567,7599007.0,0.0,1.0
2016-08-02,66.93,67.06,66.051,66.78,62.7064,8763200.0,0.0,1.0
2016-08-03,66.81,67.0,66.225,66.57,62.5092,6355050.0,0.0,1.0
2016-08-04,66.58,66.98,66.08,66.1,62.0679,4901851.0,0.0,1.0
2016-08-05,66.15,66.6,66.12,66.54,62.4811,5045559.0,0.0,1.0
2016-08-08,66.38,66.67,65.75,66.34,62.2933,5309293.0,0.0,1.0
2016-08-09,66.34,67.25,66.25,66.76,62.6876,5717281.0,0.0,1.0
2016-08-10,66.7,66.96,66.19,66.43,62.3778,4506059.0,0.0,1.0
2016-08-11,66.86,67.11,66.7,66.95,62.8661,4246610.0,0.0,1.0
2016-08-12,66.86,67.39,66.55,67.19,63.0914,5215441.0,0.0,1.0
2016-08-15,67.47,68.1239,67.32,67.39,63.2792,5215360.0,0.0,1.0
2016-08-16,67.13,67.61,66.5,66.74,62.6689,7147645.0,0.0,1.0
2016-08-17,66.69,67.35,66.35,66.83,62.7534,7945418.0,0.0,1.0
2016-08-18,66.57,67.43,66.55,66.77,62.697,8205847.0,0.0,1.0
2016-08-19,66.57,67.18,66.51,67.1,63.0069,6709360.0,0.0,1.0
2016-08-22,67.31,67.79,66.92,67.01,62.9224,7884845.0,0.0,1.0
2016-08-23,67.26,67.49,65.99,66.17,62.1336,10227754.0,0.0,1.0
2016-08-24,66.31,66.53,64.84,65.06,61.0913,8551058.0,0.0,1.0
2016-08-25,65.04,65.43,64.27,64.72,60.7721,6378983.0,0.0,1.0
2016-08-26,64.68,65.02,64.21,64.61,60.6688,7041630.0,0.0,1.0
2016-08-29,64.84,65.09,64.19,64.51,60.5749,5099200.0,0.0,1.0
2016-08-30,64.54,64.71,64.105,64.16,60.2462,5531774.0,0.0,1.0
2016-08-31,64.21,64.45,63.5,64.1,60.1899,6750010.0,0.0,1.0
2016-09-01,64.1,64.14,63.605,64.03,60.1242,5126674.0,0.0,1.0
2016-09-02,64.37,64.48,63.8737,64.12,60.2087,4100767.0,0.0,1.0
2016-09-06,64.7,64.895,64.05,64.61,60.6688,6286293.0,0.0,1.0
2016-09-07,64.37,65.14,64.29,64.97,61.0068,5714320.0,0.0,1.0
2016-09-08,63.96,64.15,63.44,64.06,60.1523,8238846.0,0.0,1.0
2016-09-09,63.22,64.0,63.06,63.36,59.495,8848534.0,0.0,1.0
2016-09-12,62.98,64.231,62.66,64.08,60.1711,6653007.0,0.0,1.0
2016-09-13,63.66,64.15,63.01,63.34,59.4763,7640367.0,0.0,1.0
2016-09-14,63.41,63.96,63.06,63.34,59.4763,5889749.0,0.0,1.0
2016-09-15,63.17,63.82,62.92,63.35,59.4857,7810182.0,0.0,1.0
2016-09-16,63.53,63.79,63.17,63.27,59.4105,11164219.0,0.0,1.0
2016-09-19,63.62,63.71,62.83,62.91,59.0725,7903516.0,0.0,1.0
2016-09-20,63.36,63.55,62.76,63.28,59.4199,4826460.0,0.0,1.0
2016-09-21,63.49,64.25,63.195,64.1,60.1899,7587358.0,0.0,1.0
2016-09-22,64.12,65.2,64.0801,65.08,61.1101,5416092.0,0.0,1.0
2016-09-23,65.05,65.33,64.75,64.98,61.0162,5153604.0,0.0,1.0
2016-09-26,64.52,64.88,64.02,64.07,60.1617,5567517.0,0.0,1.0
2016-09-27,63.95,64.75,63.69,64.57,60.6312,4358334.0,0.0,1.0
2016-09-28,64.94,64.94,63.885,64.22,60.3026,5645599.0,0.0,1.0
2016-09-29,64.3,64.31,62.8,62.82,58.988,6431183.0,0.0,1.0
2016-09-30,62.67,63.255,62.45,63.07,59.2227,7316537.0,0.0,1.0
2016-10-03,63.02,63.29,62.25,63.23,59.373,4239556.0,0.0,1.0
2016-10-04,63.31,63.53,62.55,63.0,59.157,4719437.0,0.0,1.0
2016-10-05,63.08,63.75,63.0,63.39,59.5232,4442517.0,0.0,1.0
2016-10-06,63.16,63.21,62.56,62.83,58.9974,4446105.0,0.0,1.0
2016-10-07,63.1,63.58,62.5,62.93,59.0913,3811971.0,0.0,1.0
2016-10-10,63.07,63.66,62.92,63.31,59.4481,3135309.0,0.0,1.0
2016-10-11,63.08,63.26,62.05,62.39,58.5842,5308309.0,0.0,1.0
2016-10-12,62.0,62.23,61.015,61.21,58.0114,4563776.0,0.57,1.0
2016-10-13,60.96,61.61,60.6793,61.15,57.9546,5988601.0,0.0,1.0
2016-10-14,61.45,61.515,60.15,60.17,57.0258,5606379.0,0.0,1.0
2016-10-17,60.1,60.71,59.86,60.14,56.9973,6138658.0,0.0,1.0
2016-10-18,60.62,61.62,60.4,61.55,58.3337,6655071.0,0.0,1.0
2016-10-19,62.04,62.16,61.17,61.43,58.2199,5588887.0,0.0,1.0
2016-10-20,61.45,61.98,61.33,61.76,58.5327,4391317.0,0.0,1.0
2016-10-21,61.38,61.44,60.6499,60.98,57.7934,4341676.0,0.0,1.0
2016-10-24,61.13,61.68,61.02,61.12,57.9261,3934849.0,0.0,1.0
2016-10-25,61.06,61.655,60.95,61.55,58.3337,6432640.0,0.0,1.0
2016-10-26,61.51,61.71,60.71,61.02,57.8314,4560823.0,0.0,1.0
2016-10-27,61.45,61.72,60.6,61.46,58.2484,6612491.0,0.0,1.0
2016-10-28,57.55,58.39,55.0623,57.6,54.5901,24859961.0,0.0,1.0
2016-10-31,57.06,57.3,55.72,55.78,52.8652,14185393.0,0.0,1.0
2016-11-01,56.0,56.61,55.68,56.45,53.5002,9798803.0,0.0,1.0
2016-11-02,56.46,57.19,56.4,56.79,53.8224,9779042.0,0.0,1.0
2016-11-03,57.12,57.288,55.85,55.89,52.9694,9842344.0,0.0,1.0
2016-11-04,56.07,56.87,55.87,56.04,53.1116,11186952.0,0.0,1.0
2016-11-07,56.81,61.16,56.635,58.91,55.8316,17763114.0,0.0,1.0
2016-11-08,58.8,59.605,58.0316,58.81,55.7368,9353242.0,0.0,1.0
2016-11-09,64.1,64.695,60.41,62.64,59.3667,18693998.0,0.0,1.0
2016-11-10,63.06,65.05,62.79,64.0,60.6556,15948718.0,0.0,1.0
2016-11-11,63.54,63.85,62.79,63.1,59.8027,10201578.0,0.0,1.0
2016-11-14,63.4,63.64,62.251,62.97,59.6795,8315696.0,0.0,1.0
2016-11-15,63.39,63.39,61.98,62.87,59.5847,5610308.0,0.0,1.0
2016-11-16,62.67,62.97,61.42,61.54,58.3242,6570990.0,0.0,1.0
2016-11-17,61.75,61.99,61.13,61.7,58.4758,4879527.0,0.0,1.0
2016-11-18,61.65,62.1426,60.39,60.52,57.3575,7023246.0,0.0,1.0
2016-11-21,60.7,60.8,60.2,60.42,57.2627,6328304.0,0.0,1.0
2016-11-22,60.49,60.56,58.61,58.93,55.8506,8516828.0,0.0,1.0
2016-11-23,58.81,60.38,58.6,60.18,57.0353,5580284.0,0.0,1.0
2016-11-25,60.04,60.67,59.67,60.51,57.348,2942309.0,0.0,1.0
2016-11-28,59.13,59.94,59.01,59.46,56.3529,6274639.0,0.0,1.0
2016-11-29,59.7,62.1,59.52,61.59,58.3716,11858682.0,0.0,1.0
2016-11-30,61.63,61.84,60.63,60.8,57.6229,9025182.0,0.0,1.0
2016-12-01,60.83,60.83,58.75,59.16,56.0686,8266058.0,0.0,1.0
2016-12-02,59.19,60.0,58.95,59.43,56.3244,8020668.0,0.0,1.0
2016-12-05,59.6,61.22,59.57,60.86,57.6797,10227657.0,0.0,1.0
2016-12-06,60.76,61.72,60.33,61.62,58.4,7610418.0,0.0,1.0
2016-12-07,60.26,60.65,58.8,59.99,56.8552,13095613.0,0.0,1.0
2016-12-08,60.02,60.98,59.09,60.9,57.7176,9192264.0,0.0,1.0
2016-12-09,61.19,61.925,60.92,61.54,58.3242,7102861.0,0.0,1.0
2016-12-12,61.53,62.45,61.51,62.04,58.7981,5984483.0,0.0,1.0
2016-12-13,62.33,62.44,61.36,61.99,58.7507,8599585.0,0.0,1.0
2016-12-14,61.55,62.3,61.51,61.67,58.4474,5115655.0,0.0,1.0
2016-12-15,61.8,62.111,61.55,62.02,58.7791,6416907.0,0.0,1.0
2016-12-16,62.12,62.49,61.83,62.22,58.9687,10555844.0,0.0,1.0
2016-12-19,62.37,63.33,62.12,62.22,58.9687,5964359.0,0.0,1.0
2016-12-20,62.34,62.71,61.75,62.16,58.9118,5751786.0,0.0,1.0
2016-12-21,62.225,62.41,61.43,61.45,58.2389,5498667.0,0.0,1.0
2016-12-22,61.58,61.92,61.35,61.66,58.4379,5625978.0,0.0,1.0
2016-12-23,61.78,62.395,61.47,62.34,59.0824,4798062.0,0.0,1.0
2016-12-27,62.52,63.015,62.41,62.5,59.234,5396206.0,0.0,1.0
2016-12-28,62.51,62.75,62.25,62.27,59.016,5190362.0,0.0,1.0
2016-12-29,62.39,63.06,62.39,62.73,59.452,4990040.0,0.0,1.0
2016-12-30,62.729,62.93,62.41,62.62,59.3477,5998775.0,0.0,1.0
2017-01-03,62.92,63.03,61.935,62.41,59.1487,9328198.0,0.0,1.0
2017-01-04,62.64,63.7999,62.64,63.29,59.9827,8674823.0,0.0,1.0
2017-01-05,63.38,63.95,63.03,63.77,60.4377,5359393.0,0.0,1.0
2017-01-06,63.881,64.0,63.52,63.79,60.4566,4722267.0,0.0,1.0
2017-01-09,63.8,64.38,63.75,64.21,60.8547,8792848.0,0.0,1.0
2017-01-10,64.05,64.5,63.77,64.07,60.722,6523547.0,0.0,1.0
2017-01-11,63.38,63.645,60.59,61.14,58.5516,13565179.0,0.64,1.0
2017-01-12,60.77,61.43,60.42,61.28,58.6857,8194353.0,0.0,1.0
2017-01-13,61.35,62.41,61.05,61.99,59.3657,7295072.0,0.0,1.0
2017-01-17,61.75,62.04,61.1,61.86,59.2412,8446663.0,0.0,1.0
2017-01-18,61.76,62.14,61.315,61.66,59.0496,5519207.0,0.0,1.0
2017-01-19,61.45,61.88,61.1201,61.38,58.7815,5384163.0,0.0,1.0
2017-01-20,61.41,61.77,61.08,61.15,58.5612,6729941.0,0.0,1.0
2017-01-23,61.02,61.26,60.68,60.96,58.3793,5244715.0,0.0,1.0
2017-01-24,60.91,60.93,59.67,60.58,58.0154,6642033.0,0.0,1.0
2017-01-25,60.6,61.63,60.34,61.38,58.7815,8052806.0,0.0,1.0
2017-01-26,61.16,61.9,61.07,61.27,58.6761,7764486.0,0.0,1.0
2017-01-27,60.0,61.25,59.52,60.0,57.4599,14151123.0,0.0,1.0
2017-01-30,59.91,60.47,59.27,60.43,57.8717,7792453.0,0.0,1.0
2017-01-31,60.01,61.315,59.75,61.11,58.5229,8149664.0,0.0,1.0
2017-02-01,61.07,61.1,60.27,60.89,58.3122,5888681.0,0.0,1.0
2017-02-02,60.65,61.12,60.48,60.89,58.3122,5365347.0,0.0,1.0
2017-02-03,60.9,61.06,60.44,60.67,58.1015,6470271.0,0.0,1.0
2017-02-06,60.51,60.965,60.35,60.65,58.0824,5358115.0,0.0,1.0
2017-02-07,60.65,60.87,60.4,60.56,57.9962,4210235.0,0.0,1.0
2017-02-08,60.14,61.02,60.05,60.52,57.9579,5357808.0,0.0,1.0
2017-02-09,60.74,61.0,60.42,60.84,58.2643,4324649.0,0.0,1.0
2017-02-10,60.85,61.0,60.27,60.42,57.8621,5749160.0,0.0,1.0
2017-02-13,60.58,60.859,60.4344,60.51,57.9483,6396046.0,0.0,1.0
2017-02-14,60.44,60.98,60.15,60.82,58.2452,13562193.0,0.0,1.0
2017-02-15,60.92,61.84,60.4,61.65,59.0401,8927630.0,0.0,1.0
2017-02-16,61.67,61.91,60.81,61.48,58.8772,5662016.0,0.0,1.0
2017-02-17,61.54,62.08,61.17,61.77,59.155,8124442.0,0.0,1.0
2017-02-21,61.84,62.11,61.5,61.83,59.2124,8503319.0,0.0,1.0
2017-02-22,61.72,61.95,61.3,61.36,58.7623,6422208.0,0.0,1.0
2017-02-23,61.68,62.2353,61.45,61.94,59.3178,8057672.0,0.0,1.0
2017-02-24,61.92,62.23,61.49,62.09,59.4614,6536054.0,0.0,1.0
2017-02-27,62.02,62.37,61.68,62.22,59.5859,5214091.0,0.0,1.0
2017-02-28,62.11,62.4,61.69,61.84,59.222,6756122.0,0.0,1.0
2017-03-01,62.16,62.93,61.95,62.83,60.1701,7737382.0,0.0,1.0
2017-03-02,62.78,63.599,62.6,63.25,60.5723,8190430.0,0.0,1.0
2017-03-03,63.11,63.53,62.83,63.34,60.6585,6125782.0,0.0,1.0
2017-03-06,63.0,63.85,62.88,63.55,60.8596,6837019.0,0.0,1.0
2017-03-07,63.14,64.14,62.97,63.69,60.9937,9637663.0,0.0,1.0
2017-03-08,63.75,64.675,63.5,64.14,61.4246,7049660.0,0.0,1.0
2017-03-09,64.14,64.72,64.05,64.5,61.7694,6957213.0,0.0,1.0
2017-03-10,65.3,66.45,65.11,65.88,63.091,12788109.0,0.0,1.0
2017-03-13,65.87,65.94,65.3,65.85,63.0622,7577385.0,0.0,1.0
2017-03-14,65.88,66.05,65.6,65.67,62.8899,3728039.0,0.0,1.0
2017-03-15,65.7,66.79,65.68,66.55,63.7326,5241216.0,0.0,1.0
2017-03-16,66.4,66.45,65.55,65.9,63.1101,5162786.0,0.0,1.0
2017-03-17,66.04,66.09,65.5,65.69,62.909,11288046.0,0.0,1.0
2017-03-20,65.78,66.01,65.56,65.8,63.0144,4252114.0,0.0,1.0
2017-03-21,65.96,66.0,65.04,65.35,62.5834,5187438.0,0.0,1.0
2017-03-22,65.38,65.73,65.1,65.52,62.7462,5662572.0,0.0,1.0
2017-03-23,65.52,66.065,65.36,65.65,62.8707,4099497.0,0.0,1.0
2017-03-24,65.51,66.115,65.32,65.62,62.842,4056243.0,0.0,1.0
2017-03-27,65.37,66.275,65.24,66.1,63.3017,4962319.0,0.0,1.0
2017-03-28,65.96,66.21,65.6364,65.98,63.1867,5067333.0,0.0,1.0
2017-03-29,65.95,66.27,65.68,65.77,62.9856,3649941.0,0.0,1.0
2017-03-30,65.76,65.82,65.25,65.46,62.6888,3749633.0,0.0,1.0
2017-03-31,65.46,65.52,65.15,65.16,62.4015,4057839.0,0.0,1.0
2017-04-03,65.24,65.59,64.88,65.03,62.277,5229211.0,0.0,1.0
2017-04-04,65.12,65.295,64.83,65.11,62.3536,3457881.0,0.0,1.0
2017-04-05,65.23,65.76,64.86,64.96,62.2099,4396317.0,0.0,1.0
2017-04-06,65.03,65.195,64.65,65.08,62.3248,4628438.0,0.0,1.0
2017-04-07,65.06,65.93,64.83,65.54,62.7654,6089261.0,0.0,1.0
2017-04-10,65.5,65.7757,64.91,64.97,62.2195,7136184.0,0.0,1.0
2017-04-11,64.43,64.43,63.32,64.18,62.0759,5404529.0,0.64,1.0
2017-04-12,64.17,64.41,63.67,64.37,62.2596,6121973.0,0.0,1.0
2017-04-13,64.24,64.725,64.085,64.13,62.0275,3896680.0,0.0,1.0
2017-04-17,64.79,64.9701,64.06,64.31,62.2016,4189518.0,0.0,1.0
2017-04-18,64.03,64.0799,63.1153,63.65,61.5632,4755959.0,0.0,1.0
2017-04-19,63.9,63.93,63.31,63.45,61.3698,4057127.0,0.0,1.0
2017-04-20,63.72,64.0,63.29,63.78,61.689,5708615.0,0.0,1.0
2017-04-21,63.76,64.29,63.547,63.82,61.7277,4154869.0,0.0,1.0
2017-04-24,64.4,65.16,64.26,64.66,62.5401,7120988.0,0.0,1.0
2017-04-25,64.94,65.63,64.82,65.1,62.9657,4775055.0,0.0,1.0
2017-04-26,65.19,65.92,65.02,65.04,62.9077,4953498.0,0.0,1.0
2017-04-27,65.45,67.5,65.12,66.07,63.9039,11639483.0,0.0,1.0
2017-04-28,66.06,66.32,65.441,65.94,63.7781,5465620.0,0.0,1.0
2017-05-01,66.0,66.665,65.94,66.48,64.3004,4563914.0,0.0,1.0
2017-05-02,66.51,66.68,66.18,66.63,64.4455,4176705.0,0.0,1.0
2017-05-03,66.45,66.88,66.21,66.74,64.5519,4966429.0,0.0,1.0
2017-05-04,66.74,67.4,66.62,67.23,65.0259,4217976.0,0.0,1.0
2017-05-05,67.19,67.22,66.3246,66.99,64.7937,4543305.0,0.0,1.0
2017-05-08,66.94,66.95,66.14,66.21,64.0393,4410652.0,0.0,1.0
2017-05-09,66.2,66.95,65.86,66.17,64.0006,4387216.0,0.0,1.0
2017-05-10,66.16,66.23,65.36,65.98,63.8168,5128178.0,0.0,1.0
2017-05-11,65.9,65.96,64.655,65.3,63.1591,7795328.0,0.0,1.0
2017-05-12,65.27,66.19,65.21,66.06,63.8942,6007756.0,0.0,1.0
2017-05-15,66.07,66.85,65.95,66.67,64.4842,8410166.0,0.0,1.0
2017-05-16,66.73,66.92,66.33,66.85,64.6583,6247520.0,0.0,1.0
2017-05-17,64.98,66.34,64.61,65.37,63.2268,12620651.0,0.0,1.0
2017-05-18,65.37,66.1,65.2,65.63,63.4783,5953445.0,0.0,1.0
2017-05-19,65.74,66.01,65.31,65.58,63.43,5947195.0,0.0,1.0
2017-05-22,65.55,65.619,64.8,65.44,63.2945,5475547.0,0.0,1.0
2017-05-23,65.44,66.26,65.43,65.84,63.6814,4676455.0,0.0,1.0
2017-05-24,65.79,66.12,65.57,65.93,63.7685,3174632.0,0.0,1.0
2017-05-25,66.06,66.57,65.8,66.32,64.1457,4030788.0,0.0,1.0
2017-05-26,66.14,66.41,65.851,66.06,63.8942,4064896.0,0.0,1.0
2017-05-30,65.89,66.2,65.81,66.02,63.8555,4740856.0,0.0,1.0
2017-05-31,66.24,66.41,65.61,66.02,63.8555,6874577.0,0.0,1.0
2017-06-01,66.255,66.725,66.12,66.71,64.5229,4516912.0,0.0,1.0
2017-06-02,66.809,67.31,66.62,67.25,65.0452,5623481.0,0.0,1.0
2017-06-05,67.25,67.86,66.88,67.51,65.2967,4899169.0,0.0,1.0
2017-06-06,67.48,68.095,67.37,67.87,65.6449,5472179.0,0.0,1.0
2017-06-07,68.01,69.32,68.01,68.75,66.496,8404762.0,0.0,1.0
2017-06-08,68.67,69.05,68.335,68.76,66.5057,6033209.0,0.0,1.0
2017-06-09,68.8,69.83,68.7201,69.67,67.3859,6112345.0,0.0,1.0
2017-06-12,69.79,69.9,68.89,69.53,67.2504,6034751.0,0.0,1.0
2017-06-13,69.62,70.03,69.42,69.67,67.3859,5225616.0,0.0,1.0
2017-06-14,69.48,70.79,69.37,70.52,68.208,6573178.0,0.0,1.0
2017-06-15,70.341,70.65,69.88,70.6,68.2854,4670036.0,0.0,1.0
2017-06-16,70.8,71.12,70.49,71.05,68.7206,9020326.0,0.0,1.0
2017-06-19,71.11,71.59,70.94,71.34,69.0011,6325260.0,0.0,1.0
2017-06-20,71.44,71.81,71.16,71.22,68.885,6492054.0,0.0,1.0
2017-06-21,71.11,71.7,71.05,71.34,69.0011,6070160.0,0.0,1.0
2017-06-22,71.49,73.67,71.41,73.18,70.7808,9921254.0,0.0,1.0
2017-06-23,73.2,73.49,72.26,72.64,70.2585,6797205.0,0.0,1.0
2017-06-26,72.79,72.945,72.41,72.74,70.3552,4012508.0,0.0,1.0
2017-06-27,72.7,73.06,72.25,72.39,70.0167,4478190.0,0.0,1.0
2017-06-28,72.72,73.54,72.58,72.92,70.5293,4194616.0,0.0,1.0
2017-06-29,73.15,73.17,71.91,72.48,70.1037,4391431.0,0.0,1.0
2017-06-30,72.57,72.82,72.21,72.51,70.1328,4683091.0,0.0,1.0
2017-07-03,72.76,72.99,72.37,72.42,70.0457,2570706.0,0.0,1.0
2017-07-05,72.48,72.74,71.99,72.48,70.1037,4733154.0,0.0,1.0
2017-07-06,72.24,72.45,71.41,71.73,69.3783,4343910.0,0.0,1.0
2017-07-07,72.11,72.11,71.63,72.03,69.6685,4123406.0,0.0,1.0
2017-07-10,71.8,72.225,71.5789,71.83,69.475,3150182.0,0.0,1.0
2017-07-11,71.89,72.17,71.33,71.84,69.4847,3527484.0,0.0,1.0
2017-07-12,71.51,72.13,71.3,71.88,70.1424,4841537.0,0.64,1.0
2017-07-13,71.94,72.895,71.67,72.63,70.8743,5168709.0,0.0,1.0
2017-07-14,72.62,73.23,72.51,73.11,71.3427,4256868.0,0.0,1.0
2017-07-17,73.1,73.47,72.69,72.7,70.9426,3459145.0,0.0,1.0
2017-07-18,72.63,72.86,71.75,72.23,70.484,5247379.0,0.0,1.0
2017-07-19,72.48,72.77,72.02,72.77,71.0109,3145522.0,0.0,1.0
2017-07-20,72.99,74.22,72.945,74.01,72.2209,5220708.0,0.0,1.0
2017-07-21,73.98,75.04,73.85,74.63,72.8259,4922621.0,0.0,1.0
2017-07-24,74.63,74.75,73.8375,73.91,72.1234,5407627.0,0.0,1.0
2017-07-25,74.4,74.55,72.47,72.52,70.767,6154413.0,0.0,1.0
2017-07-26,72.37,72.6896,71.95,72.59,70.8353,4676556.0,0.0,1.0
2017-07-27,72.78,72.8017,70.88,71.73,69.996,7351961.0,0.0,1.0
2017-07-28,71.64,72.44,69.38,70.44,68.7372,7951830.0,0.0,1.0
2017-07-31,70.52,70.58,69.83,69.91,68.22,7740218.0,0.0,1.0
2017-08-01,71.17,71.37,70.35,70.99,69.2739,6648737.0,0.0,1.0
2017-08-02,70.25,70.74,69.93,70.71,69.0007,4907222.0,0.0,1.0
2017-08-03,70.61,71.01,70.36,70.99,69.2739,4377498.0,0.0,1.0
2017-08-04,71.17,71.37,70.35,70.99,69.2739,4725037.0,0.0,1.0
2017-08-07,70.94,71.23,70.64,71.22,69.4984,3496033.0,0.0,1.0
2017-08-08,71.33,71.91,71.01,71.47,69.7423,4353997.0,0.0,1.0
2017-08-09,71.26,72.14,71.0999,72.02,70.279,4517865.0,0.0,1.0
2017-08-10,72.01,72.19,70.39,70.44,68.7372,5893135.0,0.0,1.0
2017-08-11,70.74,71.01,70.43,70.63,68.9226,3233487.0,0.0,1.0
2017-08-14,71.23,71.29,70.7,70.82,69.108,2604230.0,0.0,1.0
2017-08-15,71.08,71.14,70.2801,70.34,68.6396,3694264.0,0.0,1.0
2017-08-16,70.49,70.75,70.105,70.42,68.7177,4715542.0,0.0,1.0
2017-08-17,70.6,70.68,69.83,69.85,68.1615,4952629.0,0.0,1.0
2017-08-18,69.52,70.4401,69.47,69.96,68.2688,3967143.0,0.0,1.0
2017-08-21,69.92,70.825,69.91,70.7,68.9909,3961680.0,0.0,1.0
2017-08-22,70.91,71.88,70.76,71.75,70.0156,3499957.0,0.0,1.0
2017-08-23,71.29,71.9,71.27,71.52,69.7911,3002092.0,0.0,1.0
2017-08-24,71.72,72.31,71.4,72.11,70.3669,4028279.0,0.0,1.0
2017-08-25,72.22,72.78,72.21,72.48,70.7279,3852441.0,0.0,1.0
2017-08-28,72.67,73.57,72.56,73.32,71.5476,4533174.0,0.0,1.0
2017-08-29,72.78,73.9,72.78,73.89,72.1038,3329315.0,0.0,1.0
2017-08-30,73.621,74.18,73.58,73.92,72.1331,3073646.0,0.0,1.0
2017-08-31,74.11,75.4,73.9201,75.3,73.4797,5921758.0,0.0,1.0
2017-09-01,75.59,76.0,75.26,75.42,73.5968,3831695.0,0.0,1.0
2017-09-05,75.39,75.58,74.73,75.25,73.431,6309109.0,0.0,1.0
2017-09-06,75.61,77.455,75.35,77.05,75.1874,7678544.0,0.0,1.0
2017-09-07,77.29,82.45,77.0,81.78,79.8031,15320232.0,0.0,1.0
2017-09-08,81.29,86.09,81.11,85.34,83.277,14730393.0,0.0,1.0
2017-09-11,84.46,87.1,84.38,87.0,84.8969,12534041.0,0.0,1.0
2017-09-12,86.97,87.97,86.5,87.75,85.6288,11085405.0,0.0,1.0
2017-09-13,87.58,88.84,87.416,88.47,86.3314,9018210.0,0.0,1.0
2017-09-14,88.23,89.32,88.15,89.22,87.0633,9997339.0,0.0,1.0
2017-09-15,89.39,89.69,86.52,87.37,85.258,20332092.0,0.0,1.0
2017-09-18,87.47,87.81,85.075,85.32,83.2575,9655625.0,0.0,1.0
2017-09-19,85.54,86.66,85.38,86.37,84.2822,7560461.0,0.0,1.0
2017-09-20,86.4,87.475,86.25,87.41,85.297,6484698.0,0.0,1.0
2017-09-21,87.36,87.7,86.67,87.41,85.297,7039818.0,0.0,1.0
2017-09-22,87.22,87.75,86.77,87.48,85.3653,6790179.0,0.0,1.0
2017-09-25,86.92,87.78,86.4,86.57,84.4773,8143384.0,0.0,1.0
2017-09-26,86.35,86.91,85.161,85.35,83.2868,5681763.0,0.0,1.0
2017-09-27,85.35,85.3919,83.19,84.75,82.7013,6448814.0,0.0,1.0
2017-09-28,86.67,90.95,86.38,88.96,86.8095,14780327.0,0.0,1.0
2017-09-29,88.69,89.35,87.67,88.86,86.712,6741247.0,0.0,1.0
2017-10-02,89.74,90.41,88.91,90.39,88.205,5840957.0,0.0,1.0
2017-10-03,90.44,90.64,89.02,89.7,87.5317,4284211.0,0.0,1.0
2017-10-04,89.52,90.44,89.305,89.9,87.7268,3205853.0,0.0,1.0
2017-10-05,89.69,90.56,89.48,90.18,88.0001,4197283.0,0.0,1.0
2017-10-06,90.2,91.33,89.95,90.49,88.3026,3461787.0,0.0,1.0
2017-10-09,90.57,91.19,90.1514,90.78,88.5855,4331482.0,0.0,1.0
2017-10-10,90.71,91.22,89.7,91.17,88.9661,3560210.0,0.0,1.0
2017-10-11,91.47,92.61,90.97,92.38,90.1469,5966473.0,0.0,1.0
2017-10-12,91.77,91.99,90.91,91.42,89.8346,4711620.0,0.64,1.0
2017-10-13,91.41,91.85,90.54,90.67,89.0976,6788902.0,0.0,1.0
2017-10-16,91.01,91.99,90.56,91.04,89.4612,4628445.0,0.0,1.0
2017-10-17,91.09,92.78,90.9501,92.17,90.5716,5239293.0,0.0,1.0
2017-10-18,92.35,96.44,92.2044,96.04,94.3745,10969313.0,0.0,1.0
2017-10-19,95.5,96.62,94.51,96.48,94.8069,9137443.0,0.0,1.0
2017-10-20,96.78,98.26,94.89,96.1,94.4334,6773839.0,0.0,1.0
2017-10-23,95.93,96.0,94.45,94.51,92.871,4465871.0,0.0,1.0
2017-10-24,94.0,94.14,90.77,91.69,90.0999,8914125.0,0.0,1.0
2017-10-25,91.78,92.08,90.73,91.78,90.1884,5571612.0,0.0,1.0
2017-10-26,91.86,91.86,85.24,89.56,88.0069,10267227.0,0.0,1.0
2017-10-27,92.7,94.97,90.75,91.93,90.3358,9016009.0,0.0,1.0
2017-10-30,91.7,92.06,88.91,90.96,89.3826,6510153.0,0.0,1.0
2017-10-31,90.88,91.82,90.04,90.25,88.6849,7032912.0,0.0,1.0
2017-11-01,90.78,93.34,90.27,92.44,90.8369,7028543.0,0.0,1.0
2017-11-02,92.08,92.34,90.19,91.02,89.4415,4956746.0,0.0,1.0
2017-11-03,91.3,92.555,90.91,92.31,90.7092,3613245.0,0.0,1.0
2017-11-06,92.22,93.58,91.42,92.96,91.3479,5633572.0,0.0,1.0
2017-11-07,92.98,95.68,92.96,93.96,92.3306,6896277.0,0.0,1.0
2017-11-08,94.31,96.37,93.84,95.71,94.0502,6802563.0,0.0,1.0
2017-11-09,95.29,96.37,95.26,95.89,94.2271,5170130.0,0.0,1.0
2017-11-10,95.35,95.9399,93.56,95.43,93.7751,6124339.0,0.0,1.0
2017-11-13,95.37,95.42,94.0383,95.12,93.4704,3997792.0,0.0,1.0
2017-11-14,94.64,94.91,93.1179,94.75,93.1069,4568784.0,0.0,1.0
2017-11-15,94.63,94.7,92.715,93.76,92.134,4380487.0,0.0,1.0
2017-11-16,94.44,95.165,93.28,94.47,92.8317,4301588.0,0.0,1.0
2017-11-17,93.8,94.49,93.57,93.61,91.9866,3258991.0,0.0,1.0
2017-11-20,93.92,94.31,92.89,93.6,91.9768,4295646.0,0.0,1.0
2017-11-21,93.7,95.4,93.6,94.68,93.0381,4305682.0,0.0,1.0
2017-11-22,94.69,95.4,94.22,94.47,92.8317,2542408.0,0.0,1.0
2017-11-24,94.0,94.97,93.55,94.72,93.0774,1932938.0,0.0,1.0
2017-11-27,94.69,95.63,94.44,95.42,93.7652,3024719.0,0.0,1.0
2017-11-28,95.94,96.89,94.83,95.42,93.7652,4787754.0,0.0,1.0
2017-11-29,95.76,96.35,95.03,95.82,94.1583,4081355.0,0.0,1.0
2017-11-30,96.36,97.53,96.21,96.92,95.2392,7889581.0,0.0,1.0
2017-12-01,97.19,98.52,94.3,96.32,94.6496,4821190.0,0.0,1.0
2017-12-04,96.37,96.65,94.65,95.22,93.5687,4613338.0,0.0,1.0
2017-12-05,95.45,96.72,95.0,95.41,93.7554,5530284.0,0.0,1.0
2017-12-06,95.7,95.79,93.47,94.4,92.7629,4212587.0,0.0,1.0
2017-12-07,94.4,94.57,92.9,94.24,92.6057,4507382.0,0.0,1.0
2017-12-08,94.62,96.54,94.62,95.95,94.286,5176356.0,0.0,1.0
2017-12-11,95.88,97.31,95.77,96.47,94.797,4116508.0,0.0,1.0
2017-12-12,96.62,96.69,94.76,96.3,94.63,4193792.0,0.0,1.0
2017-12-13,96.6,98.87,96.6,97.35,95.6618,6087890.0,0.0,1.0
2017-12-14,97.345,97.44,95.65,96.3,94.63,3896583.0,0.0,1.0
2017-12-15,97.06,97.88,96.64,97.45,95.76,11189152.0,0.0,1.0
2017-12-18,97.87,99.1,97.55,98.19,96.4872,4705612.0,0.0,1.0
2017-12-19,98.5,98.55,97.7,97.92,96.2219,2808697.0,0.0,1.0
2017-12-20,97.89,98.9,97.22,97.41,95.7207,3297014.0,0.0,1.0
2017-12-21,98.02,98.3523,97.72,97.91,96.2121,2211023.0,0.0,1.0
2017-12-22,98.07,98.69,97.71,98.21,96.5069,2801268.0,0.0,1.0
2017-12-26,98.15,98.36,97.05,97.75,96.0548,2363794.0,0.0,1.0
2017-12-27,97.73,98.23,97.44,98.09,96.3889,1880405.0,0.0,1.0
2017-12-28,98.19,98.39,97.5175,97.79,96.0941,1846552.0,0.0,1.0
2017-12-29,98.14,98.43,96.71,96.71,95.0329,3174414.0,0.0,1.0
2018-01-02,97.14,98.9,96.75,98.41,96.7034,4559726.0,0.0,1.0
2018-01-03,98.55,100.1,98.04,99.95,98.2167,4694989.0,0.0,1.0
2018-01-04,100.07,100.12,98.35,99.38,97.6566,3552288.0,0.0,1.0
2018-01-05,99.34,101.2,98.56,101.11,99.3566,4531681.0,0.0,1.0
2018-01-08,101.28,101.28,98.18,99.49,97.7647,5579124.0,0.0,1.0
2018-01-09,99.49,100.66,98.7,100.24,98.5016,4032739.0,0.0,1.0
2018-01-10,99.65,100.2,99.18,99.69,97.9612,4607167.0,0.0,1.0
2018-01-11,99.37,99.49,98.56,99.27,98.2462,4240921.0,0.71,1.0
2018-01-12,99.34,100.64,98.66,100.34,99.3051,4370593.0,0.0,1.0
2018-01-16,100.26,103.0,100.0,102.49,101.4329,8372902.0,0.0,1.0
2018-01-17,103.0,104.84,102.55,104.36,103.2837,5350791.0,0.0,1.0
2018-01-18,104.29,104.85,103.44,103.81,102.7393,6166483.0,0.0,1.0
2018-01-19,104.33,104.87,103.55,104.64,103.5608,4984487.0,0.0,1.0
2018-01-22,104.7,106.54,104.461,106.49,105.3917,3720317.0,0.0,1.0
2018-01-23,106.17,106.97,105.03,105.38,104.2931,4929570.0,0.0,1.0
2018-01-24,105.26,106.23,104.1,105.51,104.4218,4292180.0,0.0,1.0
2018-01-25,105.95,108.37,105.739,108.3,107.183,6313996.0,0.0,1.0
2018-01-26,114.5,125.86,113.5,123.21,121.9392,19033726.0,0.0,1.0
2018-01-29,121.5,124.15,118.98,122.31,121.0485,10000873.0,0.0,1.0
2018-01-30,119.42,121.45,115.87,115.88,114.6848,11738225.0,0.0,1.0
2018-01-31,116.21,116.5,111.29,112.22,111.0626,15639245.0,0.0,1.0
2018-02-01,112.24,117.53,112.23,116.34,115.1401,9909452.0,0.0,1.0
2018-02-02,115.5,117.93,114.92,115.17,113.9822,7083058.0,0.0,1.0
2018-02-05,113.0,115.535,109.4,109.51,108.3805,9530002.0,0.0,1.0
2018-02-06,104.91,113.52,101.0,111.2,110.0531,13874489.0,0.0,1.0
2018-02-07,111.52,116.85,111.38,113.62,112.4482,9712719.0,0.0,1.0
2018-02-08,113.33,114.0,108.32,108.48,107.3612,7147856.0,0.0,1.0
2018-02-09,109.57,112.75,106.41,111.3,110.1521,8845503.0,0.0,1.0
2018-02-12,112.57,113.329,110.65,111.93,110.7756,4777236.0,0.0,1.0
2018-02-13,111.54,112.41,110.39,111.86,110.7063,5304814.0,0.0,1.0
2018-02-14,111.04,113.67,110.28,113.08,111.9137,6170591.0,0.0,1.0
2018-02-15,113.62,116.33,112.38,114.9,113.715,7353471.0,0.0,1.0
2018-02-16,115.23,119.2,115.2,118.6,117.3768,8716981.0,0.0,1.0
2018-02-20,117.72,121.55,117.22,117.98,116.7632,8497457.0,0.0,1.0
2018-02-21,118.49,121.3,117.85,117.91,116.6939,5082826.0,0.0,1.0
2018-02-22,118.57,119.73,116.58,117.56,116.3475,4755327.0,0.0,1.0
2018-02-23,118.41,119.31,116.89,118.75,117.5252,4481829.0,0.0,1.0
2018-02-26,119.27,121.72,119.0379,121.54,120.2865,4459411.0,0.0,1.0
2018-02-27,121.21,122.0,118.16,118.26,117.0403,4699369.0,0.0,1.0
2018-02-28,119.0,120.0,115.78,115.83,114.6354,6558150.0,0.0,1.0
2018-03-01,115.91,116.6141,111.81,113.84,112.6659,7148883.0,0.0,1.0
2018-03-02,112.94,115.47,111.89,115.04,113.8535,5439693.0,0.0,1.0
2018-03-05,114.0,116.32,112.888,115.66,114.4671,3975730.0,0.0,1.0
2018-03-06,116.01,116.3,113.8266,114.56,113.3785,3650462.0,0.0,1.0
2018-03-07,112.58,114.99,112.21,114.72,113.5368,5286825.0,0.0,1.0
2018-03-08,115.0,117.75,114.35,117.01,115.8032,5728242.0,0.0,1.0
2018-03-09,117.85,119.66,117.67,119.29,118.0597,5108844.0,0.0,1.0
2018-03-12,119.4,119.59,117.93,118.3,117.0799,4692909.0,0.0,1.0
2018-03-13,119.26,121.45,118.73,119.75,118.5149,5128807.0,0.0,1.0
2018-03-14,120.34,120.67,117.95,118.94,117.7133,3551176.0,0.0,1.0
2018-03-15,119.0,119.5,114.88,114.93,113.7446,5812408.0,0.0,1.0
2018-03-16,114.89,116.73,113.59,113.71,112.5372,8366582.0,0.0,1.0
2018-03-19,113.74,114.98,110.44,112.03,110.8746,7783848.0,0.0,1.0
2018-03-20,112.9,114.15,112.09,112.65,111.4882,4811787.0,0.0,1.0
2018-03-21,113.08,113.79,111.73,112.45,111.2902,4459853.0,0.0,1.0
2018-03-22,104.19,104.5,95.52,98.1,97.0882,26832338.0,0.0,1.0
2018-03-23,98.99,100.32,97.3701,97.46,96.4548,14088409.0,0.0,1.0
2018-03-26,99.49,99.91,91.76,95.28,94.2973,13722235.0,0.0,1.0
2018-03-27,95.5,95.72,91.1223,92.01,91.061,10747585.0,0.0,1.0
2018-03-28,92.19,96.85,91.58,94.27,93.2977,11154226.0,0.0,1.0
2018-03-29,94.52,95.54,93.5,94.65,93.6738,7399400.0,0.0,1.0
2018-04-02,94.0,94.64,90.3,91.46,90.5167,7816531.0,0.0,1.0
2018-04-03,92.34,92.46,88.22,90.59,89.6557,10449240.0,0.0,1.0
2018-04-04,88.71,93.41,88.63,92.94,91.9814,8841740.0,0.0,1.0
2018-04-05,93.07,93.27,91.65,92.21,91.259,7045031.0,0.0,1.0
2018-04-06,91.45,92.7699,88.79,89.78,88.854,6761246.0,0.0,1.0
2018-04-09,91.39,93.38,90.42,90.48,89.5468,8302055.0,0.0,1.0
2018-04-10,91.5,94.39,90.93,93.62,92.6544,6296543.0,0.0,1.0
2018-04-11,92.58,94.48,92.4,93.64,92.6742,7135705.0,0.0,1.0
2018-04-12,93.71,93.71,92.07,92.12,92.12,6403768.0,0.96,1.0
2018-04-13,92.63,92.64,91.09,91.83,91.83,4629974.0,0.0,1.0
2018-04-16,92.89,93.49,92.31,92.6,92.6,3922527.0,0.0,1.0
2018-04-17,93.2,94.01,92.62,93.59,93.59,4474721.0,0.0,1.0
2018-04-18,94.0,94.6,93.02,94.32,94.32,5289722.0,0.0,1.0
2018-04-19,94.43,94.53,91.4,93.01,93.01,4972931.0,0.0,1.0
2018-04-20,93.41,93.8,92.02,92.6,92.6,4754776.0,0.0,1.0
2018-04-23,92.93,93.8,92.73,93.17,93.17,4716333.0,0.0,1.0
2018-04-24,92.95,93.48,90.44,91.36,91.36,6378274.0,0.0,1.0
2018-04-25,90.96,92.28,90.52,91.87,91.87,5484253.0,0.0,1.0
2018-04-26,94.0,98.55,93.58,97.44,97.44,12594414.0,0.0,1.0
2018-04-27,97.44,99.35,96.37,98.73,98.73,6117567.0,0.0,1.0
2018-04-30,99.05,99.42,96.52,96.55,96.55,7449376.0,0.0,1.0
2018-05-01,102.1,103.37,101.18,102.07,102.07,11910452.0,0.0,1.0
2018-05-02,101.17,101.76,99.96,100.37,100.37,7625639.0,0.0,1.0
2018-05-03,100.2,100.77,98.77,100.28,100.28,7699504.0,0.0,1.0
2018-05-04,99.9,100.93,99.12,100.17,100.17,5224382.0,0.0,1.0
2018-05-07,100.75,101.27,99.24,99.63,99.63,6151510.0,0.0,1.0
2018-05-08,99.13,99.78,98.7,99.4,99.4,7620940.0,0.0,1.0
2018-05-09,99.44,102.04,98.9,101.18,101.18,5665555.0,0.0,1.0
2018-05-10,102.58,103.805,101.93,102.85,102.85,5369748.0,0.0,1.0
2018-05-11,103.46,104.685,102.04,104.18,104.18,6358936.0,0.0,1.0
2018-05-14,104.4,106.3,104.33,105.89,105.89,8471724.0,0.0,1.0
2018-05-15,105.38,105.56,103.59,104.18,104.18,8387591.0,0.0,1.0
2018-05-16,104.46,105.65,104.2,105.04,105.04,8296694.0,0.0,1.0
2018-05-17,105.1,105.41,104.21,105.32,105.32,6702928.0,0.0,1.0
2018-05-18,105.27,106.78,105.11,105.98,105.98,5328032.0,0.0,1.0
2018-05-21,107.0,107.25,105.95,106.23,106.23,5797323.0,0.0,1.0
2018-05-22,106.55,107.24,106.1,106.23,106.23,9456794.0,0.0,1.0
2018-05-23,105.85,106.3155,104.74,105.6,105.6,12816604.0,0.0,1.0
2018-05-24,104.55,104.55,101.61,103.14,103.14,13164507.0,0.0,1.0
2018-05-25,102.29,103.14,99.55,101.08,101.08,25301660.0,0.0,1.0
2018-05-29,100.27,101.59,98.93,99.47,99.47,25494690.0,0.0,1.0
2018-05-30,101.86,103.157,100.83,103.01,103.01,31273360.0,0.0,1.0
2018-05-31,100.93,101.1,98.5,98.94,98.94,18910905.0,0.0,1.0
2018-06-01,97.93,99.43,97.9,98.05,98.05,14834086.0,0.0,1.0
